item_no,po_no,order_date,qty_ordered,qty_received,has_rcpt,open_qty,days_since_order,is_stale
LAB0001,SMFPO-013608,2014-05-05,19257679.0,19257679,True,0.0,4432,False
LAB0001,SMFPO-013822,2014-07-03,19305199.0,19305199,True,0.0,4373,False
LAB0001,SMFPO-014125,2014-10-03,18465831.0,18465831,True,0.0,4281,False
LAB0001,SMFPO-014435,2015-01-09,18337825.0,18337825,True,0.0,4183,False
LAB0001,SMFPO-014436,2015-01-09,998781.0,998781,True,0.0,4183,False
LAB0001,SMFPO-014437,2015-01-09,996677.0,996677,True,0.0,4183,False
LAB0001,SMFPO-014438,2015-01-09,998626.0,998626,True,0.0,4183,False
LAB0001,SMFPO-014757,2015-03-04,19289856.0,19289856,True,0.0,4129,False
LAB0001,SMFPO-015018,2015-05-15,18466467.0,18466467,True,0.0,4057,False
LAB0001,SMFPO-015289,2015-07-09,19758670.0,19758670,True,0.0,4002,False
LAB0001,SMFPO-015773,2015-11-10,952787.0,952787,True,0.0,3878,False
LAB0001,SMFPO-015774,2015-11-10,994590.0,994590,True,0.0,3878,False
LAB0001,SMFPO-015775,2015-11-10,1039521.0,1039521,True,0.0,3878,False
LAB0001,SMFPO-015778,2015-11-11,1039976.0,1039976,True,0.0,3877,False
LAB0001,SMFPO-015780,2015-11-11,18298233.0,18298233,True,0.0,3877,False
LAB0001,SMFPO-015946,2015-12-28,19241492.0,19241492,True,0.0,3830,False
LAB0001,SMFPO-016229,2016-03-18,18575153.0,18575153,True,0.0,3749,False
LAB0001,SMFPO-016459,2016-05-13,18465720.0,18465720,True,0.0,3693,False
LAB0001,SMFPO-016631,2016-07-07,19254792.0,19254792,True,0.0,3638,False
LAB0001,SMFPO-016877,2016-09-09,18282329.0,18282329,True,0.0,3574,False
LAB0001,SMFPO-017246,2016-12-05,17863467.0,17863467,True,0.0,3487,False
LAB0001,SMFPO-017391,2016-12-14,17586523.0,17586523,True,0.0,3478,False
LAB0001,SMFPO-017785,2017-03-21,19197207.0,19197207,True,0.0,3381,False
LAB0001,SMFPO-017917,2017-05-05,19223848.0,19223848,True,0.0,3336,False
LAB0001,SMFPO-018106,2017-06-03,18634295.0,18634295,True,0.0,3307,False
LAB0001,SMFPO-018432,2017-08-02,18550801.0,18550801,True,0.0,3247,False
LAB0001,SMFPO-018753,2017-10-04,20331498.0,20331498,True,0.0,3184,False
LAB0001,SMFPO-019076,2017-11-29,21115738.0,21115738,True,0.0,3128,False
LAB0001,SMFPO-019184,2018-01-03,17525873.0,17525873,True,0.0,3093,False
LAB0001,SMFPO-019624,2018-03-17,19187883.0,19187883,True,0.0,3020,False
LAB0001,SMFPO-019879,2018-04-25,18941620.0,18941620,True,0.0,2981,False
LAB0001,SMFPO-020130,2018-06-04,19225362.0,19225362,True,0.0,2941,False
LAB0001,SMFPO-020410,2018-07-19,18903982.0,18903982,True,0.0,2896,False
LAB0001,SMFPO-020810,2018-09-14,23369770.0,23369770,True,0.0,2839,False
LAB0001,SMFPO-021129,2018-11-06,26007733.0,26007733,True,0.0,2786,False
LAB0001,SMFPO-021301,2018-12-14,30778359.0,30778359,True,0.0,2748,False
LAB0001,SMFPO-021498,2019-02-14,28536943.0,28536943,True,0.0,2686,False
LAB0001,SMFPO-021700,2019-04-12,28139702.0,28139702,True,0.0,2629,False
LAB0001,SMFPO-021863,2019-06-13,28958131.0,28958131,True,0.0,2567,False
LAB0001,SMFPO-022021,2019-07-22,23933963.0,23933963,True,0.0,2528,False
LAB0001,SMFPO-022259,2019-09-17,27954087.0,27954087,True,0.0,2471,False
LAB0001,SMFPO-022380,2019-11-12,24942749.0,24942749,True,0.0,2415,False
LAB0001,SMFPO-022516,2020-01-27,21442442.0,21442442,True,0.0,2339,False
LAB0001,SMFPO-022591,2020-03-03,25828759.0,25828759,True,0.0,2303,False
LAB0001,SMFPO-022658,2020-03-25,25596978.0,25596978,True,0.0,2281,False
LAB0001,SMFPO-022698,2020-05-13,25077162.0,25077162,True,0.0,2232,False
LAB0001,SMFPO-022831,2020-07-14,19703430.0,19703430,True,0.0,2170,False
LAB0001,SMFPO-022911,2020-08-07,23966378.0,23966378,True,0.0,2146,False
LAB0001,SMFPO-022921,2020-08-13,23829883.0,23829883,True,0.0,2140,False
LAB0001,SMFPO-023029,2020-09-29,22409599.0,22409599,True,0.0,2093,False
LAB0001,SMFPO-023094,2020-11-27,24886539.0,24886539,True,0.0,2034,False
LAB0001,SMFPO-023193,2021-02-03,25014431.0,25014431,True,0.0,1966,False
LAB0001,SMFPO-023284,2021-03-12,24021384.0,24021384,True,0.0,1929,False
LAB0001,SMFPO-023339,2021-04-19,22853542.0,22853542,True,0.0,1891,False
LAB0001,SMFPO-023427,2021-05-26,24989783.0,24989783,True,0.0,1854,False
LAB0001,SMFPO-023508,2021-07-06,26980678.0,26980678,True,0.0,1813,False
LAB0001,SMFPO-023604,2021-09-03,35796791.0,35796791,True,0.0,1754,False
LAB0001,SMFPO-023675,2021-10-20,34137454.0,34137454,True,0.0,1707,False
LAB0001,SMFPO-023770,2021-12-27,34178919.0,34178919,True,0.0,1639,False
LAB0001,SMFPO-023857,2022-02-24,37078223.0,37078223,True,0.0,1580,False
LAB0001,SMFPO-023925,2022-04-25,47871407.0,47871407,True,0.0,1520,False
LAB0001,SMFPO-024066,2022-07-07,35063303.0,35063303,True,0.0,1447,False
LAB0001,SMFPO-024166,2022-09-01,33277806.0,33277806,True,0.0,1391,False
LAB0001,SMFPO-024292,2022-11-09,39533197.0,39533197,True,0.0,1322,False
LAB0001,SMFPO-024369,2023-01-16,37319590.0,37319590,True,0.0,1254,False
LAB0001,SMFPO-024552,2023-03-16,39682453.0,39682453,True,0.0,1195,False
LAB0001,SMFPO-024667,2023-05-08,38141952.0,38141952,True,0.0,1142,False
LAB0001,SMFPO-024756,2023-07-07,36550993.0,36550993,True,0.0,1082,False
LAB0001,SMFPO-024847,2023-08-23,35927097.0,35927097,True,0.0,1035,False
LAB0001,SMFPO-025001,2023-11-14,35725199.0,35725199,True,0.0,952,False
LAB0001,SMFPO-025108,2023-12-22,36609218.0,36609218,True,0.0,914,False
LAB0001,SMFPO-025150,2024-02-06,40969573.0,40969573,True,0.0,868,False
LAB0001,SMFPO-025255,2024-04-05,40555891.0,40555891,True,0.0,809,False
LAB0001,SMFPO-025386,2024-06-06,41881181.0,41881181,True,0.0,747,False
LAB0001,SMFPO-025501,2024-07-25,35557647.0,35557647,True,0.0,698,False
LAB0001,SMFPO-025647,2024-10-07,36250718.0,36250718,True,0.0,624,False
LAB0001,SMFPO-025820,2024-12-03,38039756.0,38039756,True,0.0,567,False
LAB0001,SMFPO-025904,2025-01-23,40240395.0,40240395,True,0.0,516,False
LAB0001,SMFPO-026024,2025-03-10,38103035.0,38103035,True,0.0,470,False
LAB0001,SMFPO-026156,2025-04-23,40073285.0,40073285,True,0.0,426,False
LAB0001,SMFPO-026264,2025-06-09,39921143.0,39921143,True,0.0,379,False
LAB0001,SMFPO-026365,2025-08-05,37906802.0,37906802,True,0.0,322,False
LAB0001,SMFPO-026458,2025-09-26,39969138.0,39969138,True,0.0,270,False
LAB0001,SMFPO-026539,2025-12-03,38016647.0,38016647,True,0.0,202,False
LAB0001,SMFPO-026606,2026-01-26,41124797.0,41124797,True,0.0,148,False
LAB0001,SMFPO-026695,2026-03-10,41714382.0,41714382,True,0.0,105,False
LAB0001,SMFPO-026872,2026-05-14,50057018.0,50057018,True,0.0,40,False
LAB0001,SMPO-021922,2009-03-11,1093909.0,1093909,True,0.0,6313,False
LAB0001,SMPO-021924,2009-03-11,1799381.0,1799381,True,0.0,6313,False
LAB0001,SMPO-022092,2009-03-23,1794746.0,1794746,True,0.0,6301,False
LAB0001,SMPO-023136,2009-05-25,3562383.0,3562383,True,0.0,6238,False
LAB0001,SMPO-023137,2009-05-25,549598.0,549598,True,0.0,6238,False
LAB0001,SMPO-023139,2009-05-25,1247672.0,1247672,True,0.0,6238,False
LAB0001,SMPO-023140,2009-05-25,1795988.0,1795988,True,0.0,6238,False
LAB0001,SMPO-023141,2009-05-25,999775.0,999775,True,0.0,6238,False
LAB0001,SMPO-023142,2009-05-25,1278603.0,1278603,True,0.0,6238,False
LAB0001,SMPO-023143,2009-05-25,1199612.0,1199612,True,0.0,6238,False
LAB0001,SMPO-023361,2009-06-09,1275051.0,1275051,True,0.0,6223,False
LAB0001,SMPO-023362,2009-06-09,1999469.0,1999469,True,0.0,6223,False
LAB0001,SMPO-023635,2009-07-01,1999142.0,1999142,True,0.0,6201,False
LAB0001,SMPO-023804,2009-07-13,1798269.0,1798269,True,0.0,6189,False
LAB0001,SMPO-023854,2009-07-17,1797985.0,1797985,True,0.0,6185,False
LAB0001,SMPO-023997,2009-07-31,1797337.0,1797337,True,0.0,6171,False
LAB0001,SMPO-024108,2009-08-12,1795787.0,1795787,True,0.0,6159,False
LAB0001,SMPO-024184,2009-08-19,1784389.0,1784389,True,0.0,6152,False
LAB0001,SMPO-024294,2009-08-27,1798984.0,1798984,True,0.0,6144,False
LAB0001,SMPO-024310,2009-08-28,12000.0,12000,True,0.0,6143,False
LAB0001,SMPO-024352,2009-09-08,1998944.0,1998944,True,0.0,6132,False
LAB0001,SMPO-024736,2009-10-05,2199346.0,2199346,True,0.0,6105,False
LAB0001,SMPO-024917,2009-10-14,2994312.0,2994312,True,0.0,6096,False
LAB0001,SMPO-024964,2009-10-17,2004599.0,2004599,True,0.0,6093,False
LAB0001,SMPO-025055,2009-10-23,1169621.0,1169621,True,0.0,6087,False
LAB0001,SMPO-025365,2009-11-12,2196190.0,2196190,True,0.0,6067,False
LAB0001,SMPO-025392,2009-11-13,1999157.0,1999157,True,0.0,6066,False
LAB0001,SMPO-025393,2009-11-13,2177603.0,2177603,True,0.0,6066,False
LAB0001,SMPO-025700,2009-12-02,1999773.0,1999773,True,0.0,6047,False
LAB0001,SMPO-025702,2009-12-02,2010769.0,2010769,True,0.0,6047,False
LAB0001,SMPO-025703,2009-12-02,2203282.0,2203282,True,0.0,6047,False
LAB0001,SMPO-025705,2009-12-02,2105100.0,2105100,True,0.0,6047,False
LAB0001,SMPO-025849,2009-12-10,2208540.0,2208540,True,0.0,6039,False
LAB0001,SMPO-026250,2010-01-13,2107375.0,2107375,True,0.0,6005,False
LAB0001,SMPO-026251,2010-01-13,958010.0,958010,True,0.0,6005,False
LAB0001,SMPO-026454,2010-01-25,973935.0,973935,True,0.0,5993,False
LAB0001,SMPO-026546,2010-01-29,2108449.0,2108449,True,0.0,5989,False
LAB0001,SMPO-026642,2010-02-03,983477.0,983477,True,0.0,5984,False
LAB0001,SMPO-026661,2010-02-04,2105628.0,2105628,True,0.0,5983,False
LAB0001,SMPO-026752,2010-02-10,2104642.0,2104642,True,0.0,5977,False
LAB0001,SMPO-027058,2010-02-24,510042.0,510042,True,0.0,5963,False
LAB0001,SMPO-027193,2010-03-05,990769.0,990769,True,0.0,5954,False
LAB0001,SMPO-027774,2010-04-05,10000000.0,10000000,True,0.0,5923,False
LAB0001,SMPO-029498,2010-07-02,744140.0,744140,True,0.0,5835,False
LAB0001,SMPO-033548,2011-02-02,12000000.0,12000000,True,0.0,5620,False
LAB0001,SMPO-033570,2011-02-03,1050.0,1050,True,0.0,5619,False
LAB0001,SMPO-033815,2011-02-15,14000.0,14000,True,0.0,5607,False
LAB0001,SMPO-034341,2011-03-07,12000000.0,12000000,True,0.0,5587,False
LAB0001,SMPO-034663,2011-03-21,26291.0,26291,True,0.0,5573,False
LAB0001,SMPO-034666,2011-03-21,28000.0,28000,True,0.0,5573,False
LAB0001,SMPO-035278,2011-04-18,3768.0,3768,True,0.0,5545,False
LAB0001,SMPO-035428,2011-04-27,1050.0,1050,True,0.0,5536,False
LAB0001,SMPO-036559,2011-06-06,1050.0,1050,True,0.0,5496,False
LAB0001,SMPO-036560,2011-06-06,1050.0,1050,True,0.0,5496,False
LAB0001,SMPO-040301,2011-10-13,2000000.0,2000000,True,0.0,5367,False
LAB0001,SMPO-056695,2013-10-04,2005619.0,2005619,True,0.0,4645,False
LAB0001,SMPO-057943,2014-02-04,10000.0,10000,True,0.0,4522,False
LAB0001,SMPO-101123,2023-10-27,1088425.0,1088425,True,0.0,970,False
LAB0001,SMPO-107830,2026-03-30,499383.0,499383,True,0.0,85,False
LAB0001,SMPO-107907,2026-04-20,500000.0,500000,True,0.0,64,False
LAB0001,SMPO-000406,2005-07-12,520621.0,520621,True,0.0,7651,False
LAB0001,SMPO-000622,2005-07-19,1000000.0,991917,True,8083.0,7644,True
LAB0001,SMPO-000710,2005-07-28,520621.0,519159,True,1462.0,7635,True
LAB0001,SMPO-000702,2005-07-29,520000.0,516038,True,3962.0,7634,True
LAB0001,SMPO-001008,2005-08-20,1000000.0,929970,True,70030.0,7612,True
LAB0001,SMPO-001541,2005-09-22,1000000.0,991361,True,8639.0,7579,True
LAB0001,SMPO-002089,2005-10-24,230000.0,0,True,230000.0,7547,True
LAB0001,SMPO-002466,2005-11-17,1000000.0,940553,True,59447.0,7523,True
LAB0001,SMPO-003181,2005-12-22,550000.0,531111,True,18889.0,7488,True
LAB0001,SMPO-003491,2006-01-11,1100923.0,1072805,True,28118.0,7468,True
LAB0001,SMPO-003746,2006-01-24,800.0,0,True,800.0,7455,True
LAB0001,SMPO-003742,2006-01-24,800.0,0,True,800.0,7455,True
LAB0001,SMPO-003803,2006-01-31,1100000.0,1097704,True,2296.0,7448,True
LAB0001,SMPO-004110,2006-02-09,1100000.0,1096374,True,3626.0,7439,True
LAB0001,SMPO-004302,2006-02-17,1100000.0,1066954,True,33046.0,7431,True
LAB0001,SMPO-004484,2006-02-27,1650000.0,1632515,True,17485.0,7421,True
LAB0001,SMPO-004658,2006-03-09,1100000.0,1093572,True,6428.0,7411,True
LAB0001,SMPO-004856,2006-03-16,1100000.0,1095354,True,4646.0,7404,True
LAB0001,SMPO-005089,2006-03-24,1100000.0,1073905,True,26095.0,7396,True
LAB0001,SMPO-005218,2006-03-31,1100000.0,1096974,True,3026.0,7389,True
LAB0001,SMPO-005554,2006-04-18,1100000.0,1093422,True,6578.0,7371,True
LAB0001,SMPO-005660,2006-04-20,1100000.0,1097193,True,2807.0,7369,True
LAB0001,SMPO-005811,2006-04-27,1100000.0,1095080,True,4920.0,7362,True
LAB0001,SMPO-006069,2006-05-09,1100000.0,1100000,True,0.0,7350,False
LAB0001,SMPO-006293,2006-05-19,1100000.0,1089245,True,10755.0,7340,True
LAB0001,SMPO-006339,2006-05-26,1100000.0,1097996,True,2004.0,7333,True
LAB0001,SMPO-006535,2006-06-05,1100000.0,1097434,True,2566.0,7323,True
LAB0001,SMPO-006760,2006-06-14,530000.0,526159,True,3841.0,7314,True
LAB0001,SMPO-006965,2006-06-26,1100000.0,1091572,True,8428.0,7302,True
LAB0001,SMPO-007160,2006-07-08,1100000.0,758189,True,341811.0,7290,True
LAB0001,SMPO-007364,2006-07-21,1100000.0,752658,True,347342.0,7277,True
LAB0001,SMPO-007878,2006-08-18,1100000.0,1091308,True,8692.0,7249,True
LAB0001,SMPO-008116,2006-09-02,1100000.0,1094600,True,5400.0,7234,True
LAB0001,SMPO-008188,2006-09-06,1100000.0,1095401,True,4599.0,7230,True
LAB0001,SMPO-008308,2006-09-14,1100000.0,1095288,True,4712.0,7222,True
LAB0001,SMPO-008681,2006-10-11,1100000.0,1098152,True,1848.0,7195,True
LAB0001,SMPO-008866,2006-10-23,1100000.0,1093142,True,6858.0,7183,True
LAB0001,SMPO-008910,2006-10-27,1100000.0,1077925,True,22075.0,7179,True
LAB0001,SMPO-008996,2006-11-06,1100000.0,1094035,True,5965.0,7169,True
LAB0001,SMPO-009092,2006-11-13,1100000.0,1092848,True,7152.0,7162,True
LAB0001,SMPO-009238,2006-11-20,1100000.0,1092156,True,7844.0,7155,True
LAB0001,SMPO-009338,2006-11-27,1100000.0,1093871,True,6129.0,7148,True
LAB0001,SMPO-009506,2006-12-08,1100000.0,1093397,True,6603.0,7137,True
LAB0001,SMPO-009638,2006-12-18,1100000.0,1098899,True,1101.0,7127,True
LAB0001,SMPO-009740,2007-01-03,2200000.0,749473,True,1450527.0,7111,True
LAB0001,SMPO-009738,2007-01-03,1100000.0,1098729,True,1271.0,7111,True
LAB0001,SMPO-010090,2007-01-29,1100000.0,1091928,True,8072.0,7085,True
LAB0001,SMPO-010401,2007-02-24,1100000.0,1091181,True,8819.0,7059,True
LAB0001,SMPO-010748,2007-03-26,1100000.0,1098563,True,1437.0,7029,True
LAB0001,SMPO-010782,2007-03-30,1100000.0,1099181,True,819.0,7025,True
LAB0001,SMPO-010951,2007-04-10,1100000.0,1091087,True,8913.0,7014,True
LAB0001,SMPO-011220,2007-04-30,1100000.0,1097823,True,2177.0,6994,True
LAB0001,SMPO-011402,2007-05-10,14000.0,0,True,14000.0,6984,True
LAB0001,SMPO-011452,2007-05-11,1100000.0,1093213,True,6787.0,6983,True
LAB0001,SMPO-011595,2007-05-23,1100000.0,999509,True,100491.0,6971,True
LAB0001,SMPO-011775,2007-05-31,650000.0,649743,True,257.0,6963,True
LAB0001,SMPO-011973,2007-06-14,1100000.0,1090408,True,9592.0,6949,True
LAB0001,SMPO-012236,2007-07-02,1100000.0,1002322,True,97678.0,6931,True
LAB0001,SMPO-012468,2007-07-12,1100000.0,1071753,True,28247.0,6921,True
LAB0001,SMPO-012719,2007-07-26,550000.0,532028,True,17972.0,6907,True
LAB0001,SMPO-012871,2007-08-06,1005000.0,1001563,True,3437.0,6896,True
LAB0001,SMPO-014409,2007-11-15,5000000.0,4529478,True,470522.0,6795,True
LAB0001,SMPO-022227,2009-03-30,1796639.0,1796639,True,0.0,6294,False
LAB0001,SMPO-023858,2009-07-17,2998398.0,2998398,True,0.0,6185,False
LAB0001,SMPO-027192,2010-03-05,975682.0,975682,True,0.0,5954,False
LAB0001,SMPO-028311,2010-05-04,3328573.0,0,True,3328573.0,5894,True
LAB0001,SMPO-028879,2010-06-01,12000000.0,11109866,True,890134.0,5866,True
LAB0001,SMPO-029500,2010-07-02,12000000.0,7981052,True,4018948.0,5835,True
LAB0001,SMPO-030186,2010-08-04,12000000.0,11218727,True,781273.0,5802,True
LAB0001,SMPO-030809,2010-09-03,1000000.0,946441,True,53559.0,5772,True
LAB0001,SMPO-031401,2010-10-04,8000000.0,7038838,True,961162.0,5741,True
LAB0001,SMPO-031742,2010-10-26,4000000.0,985560,True,3014440.0,5719,True
LAB0001,SMPO-033050,2011-01-11,12000000.0,11209087,True,790913.0,5642,True
LAB0001,SMPO-033832,2011-02-15,4000000.0,4000000,True,0.0,5607,False
LAB0001,SMPO-035649,2011-05-06,12000000.0,11919181,True,80819.0,5527,True
LAB0001,SMPO-037000,2011-06-18,6000000.0,5919704,True,80296.0,5484,True
LAB0001,SMPO-037217,2011-06-29,4000.0,4000,True,0.0,5473,False
LAB0001,SMPO-037216,2011-06-29,148000.0,148000,True,0.0,5473,False
LAB0001,SMPO-037218,2011-06-29,16000.0,16000,True,0.0,5473,False
LAB0001,SMPO-037865,2011-07-18,6000000.0,5987904,True,12096.0,5454,True
LAB0001,SMPO-039317,2011-09-05,12000000.0,11922235,True,77765.0,5405,True
LAB0001,SMPO-040470,2011-10-20,3800000.0,3754682,True,45318.0,5360,True
LAB0001,SMPO-040898,2011-11-09,12000000.0,11823336,True,176664.0,5340,True
LAB0001,SMPO-041624,2011-12-07,6000000.0,6000000,True,0.0,5312,False
LAB0001,SMPO-042138,2012-01-04,12000000.0,11925454,True,74546.0,5284,True
LAB0001,SMPO-042986,2012-02-04,8000000.0,7990533,True,9467.0,5253,True
LAB0001,SMPO-043924,2012-03-02,12000000.0,11968664,True,31336.0,5226,True
LAB0001,SMPO-044928,2012-04-10,12000000.0,11986493,True,13507.0,5187,True
LAB0001,SMPO-045616,2012-05-05,10000000.0,9978268,True,21732.0,5162,True
LAB0001,SMPO-046621,2012-06-13,3000000.0,2991566,True,8434.0,5123,True
LAB0001,SMPO-047280,2012-07-05,6000000.0,5985187,True,14813.0,5101,True
LAB0001,SMPO-048135,2012-08-13,6000000.0,5896673,True,103327.0,5062,True
LAB0001,SMPO-048602,2012-09-05,6000000.0,5966090,True,33910.0,5039,True
LAB0001,SMPO-049107,2012-09-21,1000000.0,998916,True,1084.0,5023,True
LAB0001,SMPO-049343,2012-10-02,8000000.0,7979048,True,20952.0,5012,True
LAB0001,SMPO-050127,2012-11-05,10000000.0,9988102,True,11898.0,4978,True
LAB0001,SMPO-050176,2012-11-06,2000000.0,1994495,True,5505.0,4977,True
LAB0001,SMPO-050425,2012-11-15,998769.0,998769,True,0.0,4968,False
LAB0001,SMPO-050907,2012-12-04,10000000.0,9977801,True,22199.0,4949,True
LAB0001,SMPO-051008,2012-12-06,2000000.0,1994773,True,5227.0,4947,True
LAB0001,SMPO-051532,2013-01-04,10000000.0,9981080,True,18920.0,4918,True
LAB0001,SMPO-052393,2013-02-05,10000000.0,9758463,True,241537.0,4886,True
LAB0001,SMPO-053845,2013-04-04,8000000.0,7984182,True,15818.0,4828,True
LAB0001,SMPO-054495,2013-05-06,10000000.0,9978801,True,21199.0,4796,True
LAB0001,SMPO-055055,2013-06-07,12000000.0,9904119,True,2095881.0,4764,True
LAB0001,SMPO-055606,2013-07-23,3000000.0,2794611,True,205389.0,4718,True
LAB0001,SMFPO-012552,2013-08-13,6000000.0,5982277,True,17723.0,4697,True
LAB0001,SMPO-055990,2013-08-16,2000000.0,1996041,True,3959.0,4694,True
LAB0001,SMPO-055997,2013-08-16,2000000.0,1996452,True,3548.0,4694,True
LAB0001,SMPO-056838,2013-10-18,2000000.0,1995451,True,4549.0,4631,True
LAB0001,SMPO-056938,2013-10-29,2000000.0,1996057,True,3943.0,4620,True
LAB0001,SMFPO-012872,2013-11-25,6000000.0,5984088,True,15912.0,4593,True
LAB0001,SMFPO-012907,2013-12-04,19000000.0,18328929,True,671071.0,4584,True
LAB0001,SMFPO-013312,2014-02-12,19146236.0,19146236,True,0.0,4514,False
LAB0001,SMPO-072884,2016-12-29,10000.0,10000,True,0.0,3463,False
LAB0001,SMFPO-019500,2018-03-02,20000000.0,17448864,True,2551136.0,3035,True
LAB0001,SMFPO-022810,2020-06-22,4937440.0,4937440,True,0.0,2192,False
LAB0001,SMPO-091304,2020-07-03,1000000.0,994961,True,5039.0,2181,True
LAB0001,SMPO-091335,2020-07-08,2000000.0,1990793,True,9207.0,2176,True
LAB0004,SMFPO-005070,2009-05-22,90000.0,90000,True,0.0,6241,False
LAB0004,SMFPO-013827,2014-07-04,38272.0,38272,True,0.0,4372,False
LAB0004,SMFPO-014296,2014-11-19,371.15,371,True,0.1499999999999772,4234,True
LAB0004,SMFPO-014521,2015-01-30,492.76,492,True,0.7599999999999909,4162,True
LAB0004,SMFPO-015170,2015-06-19,53872.0,53872,True,0.0,4022,False
LAB0004,SMPO-050085,2012-10-30,9000.0,9000,True,0.0,4984,False
LAB0004,SMPO-050689,2012-11-23,10800.0,10800,True,0.0,4960,False
LAB0004,SMPO-055614,2013-07-23,8000.0,8000,True,0.0,4718,False
LAB0004,SMPO-055983,2013-08-15,8000.0,8000,True,0.0,4695,False
LAB0004,SMPO-058284,2014-03-04,8000.0,8000,True,0.0,4494,False
LAB0004,SMPO-059865,2014-07-03,8000.0,8000,True,0.0,4373,False
LAB0004,SMPO-071105,2016-09-15,23000.0,23000,True,0.0,3568,False
LAB0004,SMPO-083887,2018-09-03,60000.0,60000,True,0.0,2850,False
LAB0004,SMPO-087004,2019-04-08,8000.0,8000,True,0.0,2633,False
LAB0004,SMPO-087476,2019-05-21,11200.0,11200,True,0.0,2590,False
LAB0004,SMPO-088094,2019-07-12,32000.0,32000,True,0.0,2538,False
LAB0004,SMPO-090093,2020-01-30,16000.0,16000,True,0.0,2336,False
LAB0004,SMPO-090847,2020-05-23,20000.0,20000,True,0.0,2222,False
LAB0004,SMPO-098659,2022-12-05,10608.0,10608,True,0.0,1296,False
LAB0004,SMPO-098750,2022-12-19,10000.0,10000,True,0.0,1282,False
LAB0004,SMPO-098768,2022-12-20,40000.0,40000,True,0.0,1281,False
LAB0004,SMFPO-005787,2010-01-06,90000.0,90000,True,0.0,6012,False
LAB0004,SMFPO-006327,2010-05-12,138000.0,137157,True,843.0,5886,True
LAB0004,SMFPO-007108,2010-10-04,117000.0,117000,True,0.0,5741,False
LAB0004,SMFPO-007482,2010-12-23,161000.0,159611,True,1389.0,5661,True
LAB0004,SMFPO-008019,2011-03-31,115000.0,114556,True,444.0,5563,True
LAB0004,SMFPO-008205,2011-05-11,161000.0,160422,True,578.0,5522,True
LAB0004,SMFPO-009050,2011-09-21,161000.0,160928,True,72.0,5389,True
LAB0004,SMFPO-010180,2012-03-27,184000.0,184000,True,0.0,5201,False
LAB0004,SMFPO-010745,2012-07-13,115000.0,115000,True,0.0,5093,False
LAB0004,SMFPO-011668,2013-01-25,138000.0,138000,True,0.0,4897,False
LAB0004,SMFPO-012244,2013-05-31,138000.0,138000,True,0.0,4771,False
LAB0004,SMFPO-012757,2013-10-09,46000.0,45872,True,128.0,4640,True
LAB0004,SMFPO-012788,2013-10-23,46000.0,44907,True,1093.0,4626,True
LAB0004,SMFPO-012983,2013-12-19,138000.0,138000,True,0.0,4569,False
LAB0004,SMFPO-013431,2014-03-12,138000.0,138000,True,0.0,4486,False
LAB0004,SMFPO-013753,2014-06-20,138000.0,138000,True,0.0,4386,False
LAB0004,SMFPO-013830,2014-07-04,7072.0,7072,True,0.0,4372,False
LAB0004,SMFPO-014294,2014-11-19,230000.0,229373,True,627.0,4234,True
LAB0004,SMFPO-015015,2015-05-15,138000.0,138000,True,0.0,4057,False
LAB0004,SMFPO-015585,2015-09-14,138000.0,136618,True,1382.0,3935,True
LAB0004,SMFPO-016001,2016-01-28,33280.0,33280,True,0.0,3799,False
LAB0004,SMFPO-016112,2016-02-27,216000.0,203772,True,12228.0,3769,True
LAB0004,SMFPO-016831,2016-08-25,230000.0,227389,True,2611.0,3589,True
LAB0004,SMPO-072716,2016-12-14,36000.0,35669,True,331.0,3478,True
LAB0004,SMFPO-017560,2017-02-14,276000.0,272501,True,3499.0,3416,True
LAB0004,SMPO-075635,2017-06-21,46000.0,45750,True,250.0,3289,True
LAB0004,SMPO-076009,2017-07-12,144000.0,144000,True,0.0,3268,False
LAB0004,SMFPO-019117,2017-12-12,276000.0,273053,True,2947.0,3115,True
LAB0004,SMFPO-019917,2018-04-30,276000.0,251576,True,24424.0,2976,True
LAB0004,SMPO-082008,2018-05-30,48800.0,46000,True,2800.0,2946,True
LAB0004,SMPO-082002,2018-05-30,32000.0,32000,True,0.0,2946,False
LAB0004,SMPO-082311,2018-06-21,60000.0,60000,True,0.0,2924,False
LAB0004,SMFPO-021261,2018-12-03,276000.0,274935,True,1065.0,2759,True
LAB0004,SMPO-085882,2019-01-10,32000.0,32000,True,0.0,2721,False
LAB0004,SMPO-085938,2019-01-15,32000.0,32000,True,0.0,2716,False
LAB0004,SMPO-088135,2019-07-16,25000.0,25000,True,0.0,2534,False
LAB0004,SMPO-088137,2019-07-16,12000.0,12000,True,0.0,2534,False
LAB0004,SMPO-088136,2019-07-16,8000.0,8000,True,0.0,2534,False
LAB0004,SMPO-088494,2019-08-16,60000.0,60000,True,0.0,2503,False
LAB0004,SMFPO-022503,2020-01-20,162000.0,158992,True,3008.0,2346,True
LAB0004,SMFPO-022812,2020-06-26,528750.0,520452,True,8298.0,2188,True
LAB0004,SMFPO-023205,2021-02-09,435000.0,274499,True,160501.0,1960,True
LAB0004,SMFPO-023431,2021-05-27,819960.0,819000,True,960.0,1853,True
LAB0004,SMFPO-024290,2022-11-08,230000.0,225838,True,4162.0,1323,True
LAB0004,SMFPO-024291,2022-11-08,230000.0,225973,True,4027.0,1323,True
LAB0004,SMFPO-024443,2023-02-14,115000.0,112919,True,2081.0,1225,True
LAB0004,SMFPO-024534,2023-03-08,414000.0,406956,True,7044.0,1203,True
LAB0004,SMFPO-024680,2023-05-22,414000.0,406990,True,7010.0,1128,True
LAB0004,SMFPO-025106,2023-12-22,368000.0,361456,True,6544.0,914,True
LAB0004,SMFPO-025326,2024-05-14,690000.0,678980,True,11020.0,770,True
LAB0004,SMFPO-025879,2025-01-02,690000.0,680574,True,9426.0,537,True
LAB0004,SMFPO-026344,2025-07-23,713000.0,703233,True,9767.0,335,False
LAB0004,SMFPO-026745,2026-03-26,460000.0,0,True,460000.0,89,False
LAB0003,SMFPO-008966,2011-09-06,1000.0,1000,True,0.0,5404,False
LAB0003,SMFPO-013827,2014-07-04,18304.0,18304,True,0.0,4372,False
LAB0003,SMFPO-015170,2015-06-19,53872.0,53872,True,0.0,4022,False
LAB0003,SMFPO-023785,2022-01-11,450000.0,450000,True,0.0,1624,False
LAB0003,SMPO-058214,2014-02-24,8000.0,8000,True,0.0,4502,False
LAB0003,SMPO-058365,2014-03-07,8000.0,8000,True,0.0,4491,False
LAB0003,SMPO-071105,2016-09-15,8320.0,8320,True,0.0,3568,False
LAB0003,SMPO-085838,2019-01-07,32000.0,32000,True,0.0,2724,False
LAB0003,SMPO-090847,2020-05-23,15600.0,15600,True,0.0,2222,False
LAB0003,SMPO-091500,2020-07-24,20000.0,20000,True,0.0,2160,False
LAB0003,SMPO-091597,2020-08-04,20000.0,20000,True,0.0,2149,False
LAB0003,SMPO-091686,2020-08-18,20000.0,20000,True,0.0,2135,False
LAB0003,SMPO-091717,2020-08-20,40000.0,40000,True,0.0,2133,False
LAB0003,SMPO-092791,2021-01-05,30000.0,30000,True,0.0,1995,False
LAB0003,SMPO-093077,2021-01-29,30000.0,30000,True,0.0,1971,False
LAB0003,SMPO-093225,2021-02-11,24000.0,24000,True,0.0,1958,False
LAB0003,SMPO-093498,2021-03-15,20000.0,20000,True,0.0,1926,False
LAB0003,SMPO-093568,2021-03-23,20000.0,20000,True,0.0,1918,False
LAB0003,SMPO-094615,2021-07-27,30600.0,30600,True,0.0,1792,False
LAB0003,SMPO-096360,2022-02-10,17400.0,17400,True,0.0,1594,False
LAB0003,SMPO-099484,2023-03-15,19344.0,19344,True,0.0,1196,False
LAB0003,SMPO-099522,2023-03-20,20000.0,20000,True,0.0,1191,False
LAB0003,SMPO-099569,2023-03-29,60000.0,60000,True,0.0,1182,False
LAB0003,SMPO-099666,2023-04-05,60000.0,60000,True,0.0,1175,False
LAB0003,SMPO-107364,2025-12-12,47400.0,47400,True,0.0,193,False
LAB0003,SMPO-107365,2025-12-12,22600.0,22600,True,0.0,193,False
LAB0003,SMFPO-007660,2011-01-26,3000.0,3000,True,0.0,5627,False
LAB0003,SMFPO-011379,2012-11-23,46000.0,45813,True,187.0,4960,True
LAB0003,SMFPO-011668,2013-01-25,138000.0,137594,True,406.0,4897,True
LAB0003,SMFPO-012757,2013-10-09,23000.0,23000,True,0.0,4640,False
LAB0003,SMFPO-013105,2014-01-22,46000.0,45889,True,111.0,4535,True
LAB0003,SMFPO-013431,2014-03-12,69000.0,68517,True,483.0,4486,True
LAB0003,SMFPO-013753,2014-06-20,69000.0,68916,True,84.0,4386,True
LAB0003,SMFPO-013830,2014-07-04,22672.0,19760,True,2912.0,4372,True
LAB0003,SMFPO-014294,2014-11-19,115000.0,114996,True,4.0,4234,True
LAB0003,SMPO-061540,2014-11-19,16640.0,16631,True,9.0,4234,True
LAB0003,SMFPO-015015,2015-05-15,92000.0,90816,True,1184.0,4057,True
LAB0003,SMFPO-015585,2015-09-14,92000.0,91022,True,978.0,3935,True
LAB0003,SMFPO-016001,2016-01-28,33280.0,33280,True,0.0,3799,False
LAB0003,SMFPO-016112,2016-02-27,108000.0,92490,True,15510.0,3769,True
LAB0003,SMFPO-016831,2016-08-25,184000.0,184000,True,0.0,3589,False
LAB0003,SMPO-072715,2016-12-14,32000.0,12000,True,20000.0,3478,True
LAB0003,SMPO-072716,2016-12-14,36000.0,28231,True,7769.0,3478,True
LAB0003,SMPO-072767,2016-12-19,32480.0,30432,True,2048.0,3473,True
LAB0003,SMFPO-017560,2017-02-14,230000.0,229396,True,604.0,3416,True
LAB0003,SMPO-075635,2017-06-21,46000.0,46000,True,0.0,3289,False
LAB0003,SMPO-076009,2017-07-12,144000.0,104000,True,40000.0,3268,True
LAB0003,SMFPO-019117,2017-12-12,230000.0,229318,True,682.0,3115,True
LAB0003,SMFPO-019917,2018-04-30,230000.0,230000,True,0.0,2976,False
LAB0003,SMFPO-021261,2018-12-03,230000.0,229999,True,1.0,2759,True
LAB0003,SMPO-085938,2019-01-15,32000.0,32000,True,0.0,2716,False
LAB0003,SMFPO-023202,2021-02-09,280000.0,276000,True,4000.0,1960,True
LAB0003,SMFPO-023526,2021-07-19,260000.0,251300,True,8700.0,1800,True
LAB0003,SMFPO-024197,2022-09-19,115000.0,114674,True,326.0,1373,True
LAB0003,SMFPO-024204,2022-09-23,230000.0,229233,True,767.0,1369,True
LAB0003,SMFPO-024401,2023-01-31,345000.0,344114,True,886.0,1239,True
LAB0003,SMFPO-024534,2023-03-08,230000.0,229497,True,503.0,1203,True
LAB0003,SMFPO-024680,2023-05-22,368000.0,366812,True,1188.0,1128,True
LAB0003,SMFPO-024963,2023-11-03,230000.0,229405,True,595.0,963,True
LAB0003,SMFPO-025326,2024-05-14,805000.0,795907,True,9093.0,770,True
LAB0003,SMFPO-025879,2025-01-02,805000.0,792272,True,12728.0,537,True
LAB0003,SMFPO-026344,2025-07-23,805000.0,791308,True,13692.0,335,False
LAB0003,SMFPO-026745,2026-03-26,345000.0,112856,True,232144.0,89,False
LAB0016,SMPO-058366,2014-03-07,200000.0,200000,True,0.0,4491,False
LAB0016,SMPO-058367,2014-03-07,180000.0,180000,True,0.0,4491,False
LAB0016,SMPO-058765,2014-04-03,200000.0,200000,True,0.0,4464,False
LAB0016,SMPO-058766,2014-04-03,180000.0,180000,True,0.0,4464,False
LAB0016,SMPO-059584,2014-06-16,200000.0,200000,True,0.0,4390,False
LAB0016,SMPO-059585,2014-06-16,180000.0,180000,True,0.0,4390,False
LAB0016,SMPO-060730,2014-09-08,370000.0,370000,True,0.0,4306,False
LAB0016,SMPO-062678,2015-02-23,353888.0,353888,True,0.0,4138,False
LAB0016,SMPO-064200,2015-06-25,315063.0,315063,True,0.0,4016,False
LAB0016,SMPO-070918,2016-09-06,349897.0,349897,True,0.0,3577,False
LAB0016,SMPO-072283,2016-11-15,366867.0,366867,True,0.0,3507,False
LAB0016,SMPO-075062,2017-05-20,382838.0,382838,True,0.0,3321,False
LAB0016,SMPO-076224,2017-07-24,380551.0,380551,True,0.0,3256,False
LAB0016,SMPO-077808,2017-10-10,367115.0,367115,True,0.0,3178,False
LAB0016,SMPO-078398,2017-11-08,378294.0,378294,True,0.0,3149,False
LAB0016,SMPO-079396,2018-01-18,373589.0,373589,True,0.0,3078,False
LAB0016,SMPO-080790,2018-03-27,379047.0,379047,True,0.0,3010,False
LAB0016,SMPO-081230,2018-04-19,375403.0,375403,True,0.0,2987,False
LAB0016,SMPO-082164,2018-06-05,370596.0,370596,True,0.0,2940,False
LAB0016,SMPO-083004,2018-07-24,384219.0,384219,True,0.0,2891,False
LAB0016,SMPO-084296,2018-09-25,372990.0,372990,True,0.0,2828,False
LAB0016,SMPO-085016,2018-11-07,476603.0,476603,True,0.0,2785,False
LAB0016,SMPO-085773,2019-01-02,469990.0,469990,True,0.0,2729,False
LAB0016,SMPO-086283,2019-02-09,599305.0,599305,True,0.0,2691,False
LAB0016,SMPO-087056,2019-04-12,598536.0,598536,True,0.0,2629,False
LAB0016,SMPO-087583,2019-05-31,597604.0,597604,True,0.0,2580,False
LAB0016,SMPO-088208,2019-07-23,496998.0,496998,True,0.0,2527,False
LAB0016,SMPO-088908,2019-09-25,598743.0,598743,True,0.0,2463,False
LAB0016,SMPO-089404,2019-11-11,498744.0,498744,True,0.0,2416,False
LAB0016,SMPO-089874,2020-01-09,544428.0,544428,True,0.0,2357,False
LAB0016,SMPO-090327,2020-02-20,542866.0,542866,True,0.0,2315,False
LAB0016,SMPO-090611,2020-03-25,546089.0,546089,True,0.0,2281,False
LAB0016,SMPO-090749,2020-05-13,548335.0,548335,True,0.0,2232,False
LAB0016,SMPO-091140,2020-06-18,548308.0,548308,True,0.0,2196,False
LAB0016,SMPO-091614,2020-08-07,546761.0,546761,True,0.0,2146,False
LAB0016,SMPO-091859,2020-09-07,545493.0,545493,True,0.0,2115,False
LAB0016,SMPO-092291,2020-10-23,545703.0,545703,True,0.0,2069,False
LAB0016,SMPO-092655,2020-12-09,550848.0,550848,True,0.0,2022,False
LAB0016,SMPO-093023,2021-01-23,551857.0,551857,True,0.0,1977,False
LAB0016,SMPO-093422,2021-03-08,562266.0,562266,True,0.0,1933,False
LAB0016,SMPO-093721,2021-04-13,544901.0,544901,True,0.0,1897,False
LAB0016,SMPO-093998,2021-05-17,546198.0,546198,True,0.0,1863,False
LAB0016,SMPO-094431,2021-06-28,545129.0,545129,True,0.0,1821,False
LAB0016,SMPO-094880,2021-08-19,744390.0,744390,True,0.0,1769,False
LAB0016,SMPO-095247,2021-10-05,749577.0,749577,True,0.0,1722,False
LAB0016,SMPO-095840,2021-12-09,748332.0,748332,True,0.0,1657,False
LAB0016,SMPO-096363,2022-02-10,749545.0,749545,True,0.0,1594,False
LAB0016,SMPO-096794,2022-04-19,929225.0,929225,True,0.0,1526,False
LAB0016,SMPO-097323,2022-06-17,749191.0,749191,True,0.0,1467,False
LAB0016,SMPO-097872,2022-08-19,649357.0,649357,True,0.0,1404,False
LAB0016,SMPO-098411,2022-10-25,749658.0,749658,True,0.0,1337,False
LAB0016,SMPO-098804,2022-12-28,170000.0,170000,True,0.0,1273,False
LAB0016,SMPO-098868,2023-01-12,829878.0,829878,True,0.0,1258,False
LAB0016,SMPO-099306,2023-03-01,899653.0,899653,True,0.0,1210,False
LAB0016,SMPO-099827,2023-05-03,899978.0,899978,True,0.0,1147,False
LAB0016,SMPO-100193,2023-06-27,847457.0,847457,True,0.0,1092,False
LAB0016,SMPO-100621,2023-08-14,748388.0,748388,True,0.0,1044,False
LAB0016,SMPO-101117,2023-10-26,748723.0,748723,True,0.0,971,False
LAB0016,SMPO-101517,2023-12-21,749471.0,749471,True,0.0,915,False
LAB0016,SMPO-101747,2024-01-29,899029.0,899029,True,0.0,876,False
LAB0016,SMPO-102105,2024-03-19,898666.0,898666,True,0.0,826,False
LAB0016,SMPO-102682,2024-05-23,899241.0,899241,True,0.0,761,False
LAB0016,SMPO-103254,2024-07-15,757479.0,757479,True,0.0,708,False
LAB0016,SMPO-103812,2024-09-25,777791.0,777791,True,0.0,636,False
LAB0016,SMPO-104246,2024-11-15,1237264.0,1237264,True,0.0,585,False
LAB0016,SMPO-104810,2025-01-14,618530.0,618530,True,0.0,525,False
LAB0016,SMPO-104934,2025-01-30,617984.0,617984,True,0.0,509,False
LAB0016,SMPO-105218,2025-03-04,1196002.0,1196002,True,0.0,476,False
LAB0016,SMPO-105716,2025-04-24,1248364.0,1248364,True,0.0,425,False
LAB0016,SMPO-105987,2025-05-29,1247023.0,1247023,True,0.0,390,False
LAB0016,SMPO-106500,2025-08-04,1203823.0,1203823,True,0.0,323,False
LAB0016,SMPO-106846,2025-09-12,1345354.0,1345354,True,0.0,284,False
LAB0016,SMPO-107284,2025-11-25,1232782.0,1232782,True,0.0,210,False
LAB0016,SMPO-107425,2026-01-07,1274684.0,1274684,True,0.0,167,False
LAB0016,SMPO-107631,2026-02-25,1343759.0,1343759,True,0.0,118,False
LAB0016,SMPO-107919,2026-04-24,1296061.0,1296061,True,0.0,60,False
LAB0016,SMPO-059153,2014-05-09,386843.0,380000,True,6843.0,4428,True
LAB0016,SMPO-062009,2015-01-12,366575.0,366574,True,1.0,4180,True
LAB0016,SMPO-063250,2015-06-27,370000.0,369075,True,925.0,4014,True
LAB0016,SMPO-065953,2015-10-08,370000.0,369075,True,925.0,3911,True
LAB0016,SMPO-066940,2015-12-18,370000.0,369077,True,923.0,3840,True
LAB0016,SMPO-067574,2016-02-09,370000.0,365956,True,4044.0,3787,True
LAB0016,SMPO-068736,2016-04-21,370000.0,369075,True,925.0,3715,True
LAB0016,SMPO-069774,2016-06-28,370000.0,368533,True,1467.0,3647,True
LAB0016,SMPO-073081,2017-01-18,370000.0,368439,True,1561.0,3443,True
LAB0016,SMPO-073101,2017-01-20,370000.0,2208,True,367792.0,3441,True
LAB0016,SMPO-073684,2017-02-27,370000.0,361810,True,8190.0,3403,True
LAB0016,SMPO-074708,2017-05-02,370000.0,357787,True,12213.0,3339,True
LAB0016,SMPO-079970,2018-02-20,384322.0,384322,True,0.0,3045,False
LAB0016,SMPO-108161,2026-06-05,1562263.0,1562263,True,0.0,18,False
LAB0005,SMPO-075035,2017-05-17,20.0,20,True,0.0,3324,False
LAB0005,SMPO-082307,2018-06-21,48000.0,48000,True,0.0,2924,False
LAB0005,SMPO-088095,2019-07-12,32000.0,32000,True,0.0,2538,False
LAB0005,SMPO-099653,2023-04-05,1500.0,1500,True,0.0,1175,False
LAB0005,SMFPO-017560,2017-02-14,276000.0,276000,True,0.0,3416,False
LAB0005,SMPO-075635,2017-06-21,46000.0,45750,True,250.0,3289,True
LAB0005,SMPO-076009,2017-07-12,144000.0,144000,True,0.0,3268,False
LAB0005,SMPO-076916,2017-08-25,2080.0,2080,True,0.0,3224,False
LAB0005,SMFPO-019117,2017-12-12,276000.0,272674,True,3326.0,3115,True
LAB0005,SMFPO-019917,2018-04-30,276000.0,276000,True,0.0,2976,False
LAB0005,SMPO-082008,2018-05-30,34112.0,34112,True,0.0,2946,False
LAB0005,SMPO-082002,2018-05-30,60000.0,59880,True,120.0,2946,True
LAB0005,SMPO-082311,2018-06-21,60000.0,59904,True,96.0,2924,True
LAB0005,SMFPO-021261,2018-12-03,276000.0,275999,True,1.0,2759,True
LAB0005,SMPO-085938,2019-01-15,32000.0,15184,True,16816.0,2716,True
LAB0005,SMPO-088135,2019-07-16,250000.0,250000,True,0.0,2534,False
LAB0005,SMPO-088137,2019-07-16,12000.0,11856,True,144.0,2534,True
LAB0005,SMPO-088136,2019-07-16,8000.0,7904,True,96.0,2534,True
LAB0005,SMFPO-022509,2020-01-24,207000.0,206182,True,818.0,2342,True
LAB0005,SMPO-090673,2020-04-20,26000.0,13600,True,12400.0,2255,True
LAB0005,SMPO-090672,2020-04-20,45918.0,45918,True,0.0,2255,False
LAB0005,SMFPO-022692,2020-05-08,23000.0,22930,True,70.0,2237,True
LAB0005,SMFPO-022812,2020-06-26,528750.0,524856,True,3894.0,2188,True
LAB0005,SMFPO-023203,2021-02-09,347500.0,345000,True,2500.0,1960,True
LAB0005,SMFPO-023431,2021-05-27,1430000.0,1430000,True,0.0,1853,False
LAB0005,SMFPO-024290,2022-11-08,230000.0,227474,True,2526.0,1323,True
LAB0005,SMFPO-024377,2023-01-20,368000.0,364034,True,3966.0,1250,True
LAB0005,SMFPO-024443,2023-02-14,115000.0,113708,True,1292.0,1225,True
LAB0005,SMFPO-024534,2023-03-08,368000.0,364091,True,3909.0,1203,True
LAB0005,SMFPO-024680,2023-05-22,345000.0,341195,True,3805.0,1128,True
LAB0005,SMFPO-025106,2023-12-22,276000.0,272903,True,3097.0,914,True
LAB0005,SMFPO-025326,2024-05-14,805000.0,795219,True,9781.0,770,True
LAB0005,SMFPO-025879,2025-01-02,552000.0,544536,True,7464.0,537,True
LAB0005,SMFPO-026344,2025-07-23,805000.0,794008,True,10992.0,335,False
LAB0005,SMFPO-026745,2026-03-26,345000.0,0,True,345000.0,89,False
LAB0008,SMCPO-002820,2017-07-12,1.0,1,True,0.0,3268,False
LAB0008,SMFPO-008451,2011-06-13,22000.0,22000,True,0.0,5489,False
LAB0008,SMFPO-008751,2011-07-28,23000.0,23000,True,0.0,5444,False
LAB0008,SMFPO-009207,2011-10-13,19900.0,19900,True,0.0,5367,False
LAB0008,SMFPO-009240,2011-10-21,3000.0,3000,True,0.0,5359,False
LAB0008,SMFPO-010271,2012-04-18,40000.0,40000,True,0.0,5179,False
LAB0008,SMPO-025931,2009-12-15,2000.0,2000,True,0.0,6034,False
LAB0008,SMPO-026483,2010-01-26,22500.0,22500,True,0.0,5992,False
LAB0008,SMPO-026592,2010-02-01,2000.0,2000,True,0.0,5986,False
LAB0008,SMPO-027397,2010-03-16,1000.0,1000,True,0.0,5943,False
LAB0008,SMPO-027560,2010-03-23,4000.0,4000,True,0.0,5936,False
LAB0008,SMPO-031473,2010-10-06,5000.0,5000,True,0.0,5739,False
LAB0008,SMPO-031951,2010-11-05,6000.0,6000,True,0.0,5709,False
LAB0008,SMPO-032205,2010-11-23,30000.0,30000,True,0.0,5691,False
LAB0008,SMPO-033764,2011-02-11,80.0,80,True,0.0,5611,False
LAB0008,SMPO-036300,2011-05-31,10000.0,10000,True,0.0,5502,False
LAB0008,SMPO-037866,2011-07-18,5000.0,5000,True,0.0,5454,False
LAB0008,SMPO-040260,2011-10-12,100.0,100,True,0.0,5368,False
LAB0008,SMPO-043771,2012-02-27,6000.0,6000,True,0.0,5230,False
LAB0008,SMPO-044610,2012-03-26,10000.0,10000,True,0.0,5202,False
LAB0008,SMPO-044870,2012-04-04,10000.0,10000,True,0.0,5193,False
LAB0008,SMPO-046911,2012-06-22,2000.0,2000,True,0.0,5114,False
LAB0008,SMPO-047527,2012-07-14,6000.0,6000,True,0.0,5092,False
LAB0008,SMPO-048011,2012-08-03,6000.0,6000,True,0.0,5072,False
LAB0008,SMPO-049030,2012-09-18,3000.0,3000,True,0.0,5026,False
LAB0008,SMPO-051486,2012-12-29,2000.0,2000,True,0.0,4924,False
LAB0008,SMPO-052607,2013-02-13,10000.0,10000,True,0.0,4878,False
LAB0008,SMPO-054245,2013-04-19,8000.0,8000,True,0.0,4813,False
LAB0008,SMPO-056217,2013-09-05,5000.0,5000,True,0.0,4674,False
LAB0008,SMPO-057402,2013-12-10,2000.0,2000,True,0.0,4578,False
LAB0008,SMPO-058100,2014-02-15,4000.0,4000,True,0.0,4511,False
LAB0008,SMPO-058646,2014-03-26,3000.0,3000,True,0.0,4472,False
LAB0008,SMPO-059090,2014-05-06,4000.0,4000,True,0.0,4431,False
LAB0008,SMPO-060901,2014-09-23,5000.0,5000,True,0.0,4291,False
LAB0008,SMPO-061390,2014-11-06,200.0,200,True,0.0,4247,False
LAB0008,SMPO-061758,2014-12-08,8000.0,8000,True,0.0,4215,False
LAB0008,SMPO-062196,2015-01-28,8000.0,8000,True,0.0,4164,False
LAB0008,SMPO-063257,2015-06-30,8000.0,8000,True,0.0,4011,False
LAB0008,SMPO-064205,2015-06-26,8000.0,8000,True,0.0,4015,False
LAB0008,SMPO-064554,2015-07-11,3550.0,3550,True,0.0,4000,False
LAB0008,SMPO-065343,2015-09-01,8000.0,8000,True,0.0,3948,False
LAB0008,SMPO-066170,2015-10-21,8000.0,8000,True,0.0,3898,False
LAB0008,SMPO-067051,2016-01-08,8000.0,8000,True,0.0,3819,False
LAB0008,SMPO-068834,2016-04-28,66000.0,66000,True,0.0,3708,False
LAB0008,SMPO-074109,2017-03-17,20000.0,20000,True,0.0,3385,False
LAB0008,SMPO-074687,2017-04-28,30000.0,30000,True,0.0,3343,False
LAB0008,SMPO-076376,2017-07-29,10000.0,10000,True,0.0,3251,False
LAB0008,SMPO-086092,2019-01-23,39140.0,39140,True,0.0,2708,False
LAB0008,SMPO-093378,2021-03-04,20000.0,20000,True,0.0,1937,False
LAB0008,SMPO-096837,2022-04-26,3000.0,3000,True,0.0,1519,False
LAB0008,SMPO-097240,2022-06-08,18000.0,18000,True,0.0,1476,False
LAB0008,SMPO-100632,2023-08-15,17000.0,17000,True,0.0,1043,False
LAB0008,SMPO-102372,2024-04-24,10000.0,10000,True,0.0,790,False
LAB0008,SMPO-059974,2014-07-09,4000.0,4000,True,0.0,4367,False
LAB0008,SMPO-068368,2016-03-30,60000.0,60000,True,0.0,3737,False
LAB0008,SMPO-077374,2017-09-19,82560.0,30000,True,52560.0,3199,True
LAB0008,SMPO-081670,2018-05-11,10000.0,10000,True,0.0,2965,False
LAB0008,SMPO-101780,2024-02-02,10000.0,10000,True,0.0,872,False
LAB0032,SMFPO-008030,2011-04-02,30.0,30,True,0.0,5561,False
LAB0032,SMFPO-012335,2013-06-25,14.0,14,True,0.0,4746,False
LAB0032,SMFPO-014382,2014-12-08,15.0,15,True,0.0,4215,False
LAB0032,SMFPO-015969,2016-01-16,28.0,28,True,0.0,3811,False
LAB0032,SMFPO-016009,2016-02-02,24.0,24,True,0.0,3794,False
LAB0032,SMFPO-017248,2016-12-05,30.0,30,True,0.0,3487,False
LAB0032,SMFPO-017589,2017-02-15,25.0,25,True,0.0,3415,False
LAB0032,SMFPO-018423,2017-07-31,50.0,50,True,0.0,3249,False
LAB0032,SMFPO-018730,2017-09-29,50.0,50,True,0.0,3189,False
LAB0032,SMFPO-018939,2017-11-03,50.0,50,True,0.0,3154,False
LAB0032,SMFPO-019605,2018-03-15,50.0,50,True,0.0,3022,False
LAB0032,SMFPO-020540,2018-08-06,100.0,100,True,0.0,2878,False
LAB0032,SMFPO-023511,2021-07-07,80.0,80,True,0.0,1812,False
LAB0032,SMFPO-024223,2022-09-30,60.0,60,True,0.0,1362,False
LAB0032,SMFPO-024224,2022-09-30,60.0,60,True,0.0,1362,False
LAB0032,SMFPO-024754,2023-07-06,100.0,100,True,0.0,1083,False
LAB0032,SMFPO-025220,2024-03-12,120.0,120,True,0.0,833,False
LAB0032,SMFPO-025411,2024-06-18,92.0,92,True,0.0,735,False
LAB0032,SMFPO-025615,2024-09-19,91.0,91,True,0.0,642,False
LAB0032,SMFPO-026044,2025-03-14,120.0,120,True,0.0,466,False
LAB0032,SMFPO-026397,2025-08-19,100.0,100,True,0.0,308,False
LAB0032,SMPO-039950,2011-09-28,6.0,6,True,0.0,5382,False
LAB0032,SMPO-041163,2011-11-18,4.0,4,True,0.0,5331,False
LAB0032,SMPO-042962,2012-02-03,10.0,10,True,0.0,5254,False
LAB0032,SMPO-044126,2012-03-08,4.0,4,True,0.0,5220,False
LAB0032,SMPO-044271,2012-03-13,10.0,10,True,0.0,5215,False
LAB0032,SMPO-046160,2012-05-24,5.0,5,True,0.0,5143,False
LAB0032,SMPO-067511,2016-02-04,10.0,10,True,0.0,3792,False
LAB0032,SMPO-068134,2016-03-11,5.0,5,True,0.0,3756,False
LAB0032,SMPO-069169,2016-05-19,4.0,4,True,0.0,3687,False
LAB0032,SMPO-069216,2016-05-24,8.0,8,True,0.0,3682,False
LAB0032,SMPO-072645,2016-12-09,6.0,6,True,0.0,3483,False
LAB0032,SMPO-077740,2017-10-06,15.0,15,True,0.0,3182,False
LAB0032,SMPO-084417,2018-09-29,16.0,16,True,0.0,2824,False
LAB0032,SMPO-094256,2021-06-10,20.0,20,True,0.0,1839,False
LAB0032,SMPO-102959,2024-06-13,8.0,8,True,0.0,740,False
LAB0032,SMPO-103400,2024-08-02,9.0,9,True,0.0,690,False
LAB0032,SMPO-106435,2025-07-23,1.0,1,True,0.0,335,False
LAB0025,SMFPO-016240,2016-03-19,2.4,2,True,0.3999999999999999,3748,True
LAB0025,SMFPO-016477,2016-05-18,1.2,1,True,0.1999999999999999,3688,True
LAB0025,SMFPO-016483,2016-05-19,1.2,1,True,0.1999999999999999,3687,True
LAB0025,SMFPO-017385,2017-01-16,10.0,10,True,0.0,3445,False
LAB0025,SMFPO-017848,2017-04-11,1.0,1,True,0.0,3360,False
LAB0025,SMFPO-018538,2017-08-24,1.8,1,True,0.8,3225,True
LAB0025,SMFPO-021701,2019-04-13,4.0,4,True,0.0,2628,False
LAB0025,SMFPO-021772,2019-05-14,4.0,4,True,0.0,2597,False
LAB0025,SMFPO-022122,2019-08-14,10.0,10,True,0.0,2505,False
LAB0025,SMFPO-022238,2019-09-11,10.0,10,True,0.0,2477,False
LAB0025,SMFPO-022348,2019-10-25,10.0,10,True,0.0,2433,False
LAB0025,SMFPO-022424,2019-11-28,20.0,20,True,0.0,2399,False
LAB0025,SMFPO-022479,2020-01-10,5.0,5,True,0.0,2356,False
LAB0025,SMFPO-023064,2020-11-04,20.0,20,True,0.0,2057,False
LAB0025,SMFPO-024452,2023-02-16,4.0,4,True,0.0,1223,False
LAB0025,SMFPO-024983,2023-11-10,40.0,40,True,0.0,956,False
LAB0025,SMFPO-026423,2025-09-05,40.0,40,True,0.0,291,False
LAB0025,SMPO-078886,2017-12-11,30.0,30,True,0.0,3116,False
LAB0025,SMPO-080363,2018-03-13,10.0,10,True,0.0,3024,False
LAB0025,SMPO-082059,2018-06-01,10.0,10,True,0.0,2944,False
LAB0025,SMPO-088640,2019-09-04,5.0,5,True,0.0,2484,False
LAB0025,SMPO-090983,2020-06-08,5.0,5,True,0.0,2206,False
LAB0025,SMFPO-022689,2020-05-07,40.0,40,True,0.0,2238,False
LAB0025,SMFPO-023338,2021-04-16,20.0,20,True,0.0,1894,False
LAB0025,SMFPO-023606,2021-09-06,0.6,0,True,0.6,1751,True
LAB0025,SMFPO-023985,2022-05-31,12.0,11,True,1.0,1484,True
LAB0025,SMFPO-024453,2023-02-16,6.0,5,True,1.0,1223,True
LAB0025,SMFPO-025026,2023-11-21,8.0,8,True,0.0,945,False
LAB0010,SMPO-084009,2018-09-10,13000.0,13000,True,0.0,2843,False
LAB0010,SMPO-085850,2019-01-07,13000.0,13000,True,0.0,2724,False
LAB0010,SMPO-087014,2019-04-10,13000.0,13000,True,0.0,2631,False
LAB0010,SMPO-088518,2019-08-19,59800.0,59800,True,0.0,2500,False
LAB0010,SMPO-090632,2020-04-03,1000.0,1000,True,0.0,2272,False
LAB0010,SMPO-104688,2024-12-19,10000.0,10000,True,0.0,551,False
LAB0010,SMPO-106384,2025-07-11,10000.0,10000,True,0.0,347,False
LAB0010,SMPO-090989,2020-06-08,26000.0,0,True,26000.0,2206,True
LAB0039,SMFPO-008117,2011-04-18,10.0,10,True,0.0,5545,False
LAB0039,SMFPO-010246,2012-04-14,10.0,10,True,0.0,5183,False
LAB0039,SMFPO-013353,2014-02-24,10.0,10,True,0.0,4502,False
LAB0039,SMFPO-020696,2018-08-29,10.0,10,True,0.0,2855,False
LAB0039,SMFPO-022851,2020-07-22,18.0,18,True,0.0,2162,False
LAB0039,SMFPO-023313,2021-03-31,15.0,15,True,0.0,1910,False
LAB0039,SMFPO-024095,2022-07-27,30.0,30,True,0.0,1427,False
LAB0039,SMFPO-024737,2023-06-27,20.0,20,True,0.0,1092,False
LAB0039,SMPO-096300,2022-02-03,15.0,15,True,0.0,1601,False
LAB0039,SMPO-105175,2025-02-28,30.0,30,True,0.0,480,False
LAB0039,SMPO-107913,2026-04-21,20.0,18,True,2.0,63,False
LAB0039,SMPO-108156,2026-06-04,20.0,0,True,20.0,19,False
LAB0013,KPO-000190,2017-12-16,194.0,194,True,0.0,3111,False
LAB0013,KPO-000240,2018-01-18,186.0,186,True,0.0,3078,False
LAB0013,KPO-000360,2018-03-05,68.0,68,True,0.0,3032,False
LAB0013,KPO-000551,2018-06-19,186.0,186,True,0.0,2926,False
LAB0013,KPO-000715,2018-09-25,211.0,211,True,0.0,2828,False
LAB0013,KPO-000773,2018-10-20,94.0,94,True,0.0,2803,False
LAB0013,KPO-000827,2018-11-10,769.0,769,True,0.0,2782,False
LAB0013,KPO-001271,2019-06-13,456.0,456,True,0.0,2567,False
LAB0013,KPO-001340,2019-07-16,192.0,192,True,0.0,2534,False
LAB0013,KPO-001377,2019-08-17,173.0,173,True,0.0,2502,False
LAB0013,KPO-001504,2020-01-21,470.0,470,True,0.0,2345,False
LAB0013,KPO-001523,2020-03-05,1856.0,1856,True,0.0,2301,False
LAB0013,KPO-002093,2023-02-22,642.0,642,True,0.0,1217,False
LAB0013,KPO-002117,2023-02-24,958.0,958,True,0.0,1215,False
LAB0013,KPO-002310,2023-10-03,600.0,600,True,0.0,994,False
LAB0013,SMPO-106793,2025-09-04,284.0,284,True,0.0,292,False
LAB0013,KPO-001569,2020-10-08,1856.0,1856,True,0.0,2084,False
LAB0013,KPO-001587,2021-02-24,1200.0,1200,True,0.0,1945,False
LAB0013,KPO-002730,2025-05-03,468.0,468,True,0.0,416,False
LAB0013,KPO-002772,2025-06-05,150.0,150,True,0.0,383,False
LAB0013,KPO-002779,2025-06-20,132.0,132,True,0.0,368,False
LAB0013,KPO-002831,2025-08-08,88.0,88,True,0.0,319,False
LAB0013,KPO-002903,2025-10-07,126.0,126,True,0.0,259,False
LAB0013,KPO-002973,2025-12-13,46.0,46,True,0.0,192,False
LAB0013,KPO-003020,2026-02-24,200.0,0,True,200.0,119,False
LAB0037,SMFPO-013463,2014-03-21,30.0,30,True,0.0,4477,False
LAB0037,SMFPO-018881,2017-10-26,50.0,50,True,0.0,3162,False
LAB0037,SMFPO-022674,2020-04-27,60.0,60,True,0.0,2248,False
LAB0037,SMFPO-023268,2021-03-08,50.0,50,True,0.0,1933,False
LAB0037,SMFPO-023970,2022-05-23,50.0,50,True,0.0,1492,False
LAB0037,SMFPO-024467,2023-02-20,70.0,70,True,0.0,1219,False
LAB0037,SMFPO-025071,2023-12-06,100.0,100,True,0.0,930,False
LAB0015,SMCPO-002859,2018-12-01,2.0,2,True,0.0,2761,False
LAB0015,SMPO-028506,2010-05-17,3.0,3,True,0.0,5881,False
LAB0015,SMPO-029852,2010-07-19,50.0,50,True,0.0,5818,False
LAB0015,SMPO-033683,2011-02-08,50.0,50,True,0.0,5614,False
LAB0015,SMPO-036256,2011-05-30,30.0,30,True,0.0,5503,False
LAB0015,SMPO-036817,2011-06-14,50.0,50,True,0.0,5488,False
LAB0015,SMPO-037378,2011-07-04,100.0,100,True,0.0,5468,False
LAB0015,SMPO-037747,2011-07-15,100.0,100,True,0.0,5457,False
LAB0015,SMPO-038598,2011-08-08,160.0,160,True,0.0,5433,False
LAB0015,SMPO-042356,2012-01-11,25.0,25,True,0.0,5277,False
LAB0015,SMPO-042400,2012-01-12,25.0,25,True,0.0,5276,False
LAB0015,SMPO-043310,2012-02-16,400.0,400,True,0.0,5241,False
LAB0015,SMPO-043901,2012-03-01,50.0,50,True,0.0,5227,False
LAB0015,SMPO-044664,2012-03-27,50.0,50,True,0.0,5201,False
LAB0015,SMPO-050415,2012-11-15,40.0,40,True,0.0,4968,False
LAB0015,SMPO-051601,2013-01-08,50.0,50,True,0.0,4914,False
LAB0015,SMPO-052562,2013-02-11,50.0,50,True,0.0,4880,False
LAB0015,SMPO-054611,2013-05-14,54.0,54,True,0.0,4788,False
LAB0015,SMPO-054712,2013-05-20,10.0,10,True,0.0,4782,False
LAB0015,SMPO-054962,2013-06-03,10.0,10,True,0.0,4768,False
LAB0015,SMPO-055128,2013-06-17,50.0,50,True,0.0,4754,False
LAB0015,SMPO-057250,2013-11-28,50.0,50,True,0.0,4590,False
LAB0015,SMPO-059650,2014-06-19,50.0,50,True,0.0,4387,False
LAB0015,SMPO-059907,2014-07-05,25.0,25,True,0.0,4371,False
LAB0015,SMPO-061209,2014-10-23,20.0,20,True,0.0,4261,False
LAB0015,SMPO-062839,2015-03-05,50.0,50,True,0.0,4128,False
LAB0015,SMPO-065695,2015-09-18,25.0,25,True,0.0,3931,False
LAB0015,SMPO-066689,2015-11-28,120.0,120,True,0.0,3860,False
LAB0015,SMPO-067525,2016-02-04,500.0,500,True,0.0,3792,False
LAB0015,SMPO-068261,2016-03-18,60.0,60,True,0.0,3749,False
LAB0015,SMPO-068651,2016-04-13,100.0,100,True,0.0,3723,False
LAB0015,SMPO-069844,2016-07-02,500.0,500,True,0.0,3643,False
LAB0015,SMPO-070534,2016-08-10,40.0,40,True,0.0,3604,False
LAB0015,SMPO-073499,2017-02-13,40.0,40,True,0.0,3417,False
LAB0015,SMPO-073913,2017-03-09,50.0,50,True,0.0,3393,False
LAB0015,SMPO-076368,2017-07-28,40.0,40,True,0.0,3252,False
LAB0015,SMPO-077099,2017-09-07,50.0,50,True,0.0,3211,False
LAB0015,SMPO-077603,2017-09-30,50.0,50,True,0.0,3188,False
LAB0015,SMPO-077789,2017-10-09,200.0,200,True,0.0,3179,False
LAB0015,SMPO-079211,2018-01-09,30.0,30,True,0.0,3087,False
LAB0015,SMPO-079377,2018-01-17,28.0,28,True,0.0,3079,False
LAB0015,SMPO-079939,2018-02-19,300.0,300,True,0.0,3046,False
LAB0015,SMPO-080625,2018-03-22,20.0,20,True,0.0,3015,False
LAB0015,SMPO-082172,2018-06-06,30.0,30,True,0.0,2939,False
LAB0015,SMPO-082683,2018-07-09,30.0,30,True,0.0,2906,False
LAB0015,SMPO-085515,2018-12-06,25.0,25,True,0.0,2756,False
LAB0015,SMPO-087323,2019-05-06,10.0,10,True,0.0,2605,False
LAB0015,SMPO-087331,2019-05-06,100.0,100,True,0.0,2605,False
LAB0015,SMPO-087555,2019-05-29,30.0,30,True,0.0,2582,False
LAB0015,SMPO-088045,2019-07-09,100.0,100,True,0.0,2541,False
LAB0015,SMPO-088723,2019-09-07,100.0,100,True,0.0,2481,False
LAB0015,SMPO-089861,2020-01-08,100.0,100,True,0.0,2358,False
LAB0015,SMPO-092347,2020-10-29,100.0,100,True,0.0,2063,False
LAB0015,SMPO-098013,2022-09-06,390.0,390,True,0.0,1386,False
LAB0015,SMPO-098775,2022-12-21,400.0,400,True,0.0,1280,False
LAB0015,SMPO-099957,2023-05-23,400.0,400,True,0.0,1127,False
LAB0015,SMPO-101054,2023-10-16,400.0,400,True,0.0,981,False
LAB0015,SMPO-102122,2024-03-21,100.0,100,True,0.0,824,False
LAB0015,SMPO-102598,2024-05-16,700.0,700,True,0.0,768,False
LAB0015,SMPO-103996,2024-10-21,700.0,700,True,0.0,610,False
LAB0015,SMPO-104754,2024-12-27,1500.0,1500,True,0.0,543,False
LAB0015,SMPO-010277,2007-02-15,8.0,8,True,0.0,7068,False
LAB0015,SMPO-071190,2016-09-17,120.0,120,True,0.0,3566,False
LAB0015,SMPO-074905,2017-05-12,40.0,40,True,0.0,3329,False
LAB0015,SMPO-084483,2018-10-03,30.0,30,True,0.0,2820,False
LAB0015,SMPO-089852,2019-12-21,600.0,600,True,0.0,2376,False
LAB0015,SMPO-092008,2020-09-22,300.0,300,True,0.0,2100,False
LAB0015,SMPO-092203,2020-10-15,150.0,150,True,0.0,2077,False
LAB0015,SMPO-093281,2021-02-23,1200.0,1200,True,0.0,1946,False
LAB0028,KPO-000428,2018-04-27,2.0,2,True,0.0,2979,False
LAB0028,KPO-000497,2018-05-23,2.0,2,True,0.0,2953,False
LAB0028,KPO-000633,2018-07-30,8.0,8,True,0.0,2885,False
LAB0028,KPO-000851,2018-11-17,7.0,7,True,0.0,2775,False
LAB0028,KPO-000985,2019-01-30,5.0,5,True,0.0,2701,False
LAB0028,KPO-001366,2019-08-10,5.0,5,True,0.0,2509,False
LAB0028,KPO-001677,2022-01-15,16.0,16,True,0.0,1620,False
LAB0028,KPO-001761,2022-05-31,12.0,12,True,0.0,1484,False
LAB0028,KPO-002059,2023-01-20,10.0,10,True,0.0,1250,False
LAB0028,KPO-002131,2023-03-16,10.0,10,True,0.0,1195,False
LAB0028,KPO-002311,2023-10-03,16.0,16,True,0.0,994,False
LAB0028,KPO-002493,2024-06-27,6.0,6,True,0.0,726,False
LAB0028,KPO-002520,2024-08-14,10.0,10,True,0.0,678,False
LAB0028,KPO-002568,2024-10-02,14.0,14,True,0.0,629,False
LAB0028,KPO-001494,2020-01-14,4.0,4,True,0.0,2352,False
LAB0028,KPO-001514,2020-03-03,33.0,29,True,4.0,2303,True
LAB0028,KPO-001593,2021-03-12,8.0,8,True,0.0,1929,False
LAB0028,KPO-002678,2025-02-07,3.0,3,True,0.0,501,False
LAB0028,KPO-002717,2025-03-28,7.0,7,True,0.0,452,False
LAB0028,KPO-002756,2025-05-20,6.0,6,True,0.0,399,False
LAB0028,KPO-002780,2025-06-20,6.0,6,True,0.0,368,False
LAB0028,KPO-002839,2025-08-13,4.0,4,True,0.0,314,False
LAB0028,KPO-002920,2025-10-20,2.0,2,True,0.0,246,False
LAB0028,KPO-003013,2026-02-13,8.0,0,True,8.0,130,False
LAB0038,SMFPO-013089,2014-01-20,12.0,12,True,0.0,4537,False
LAB0038,SMFPO-015661,2015-10-03,6.0,6,True,0.0,3916,False
LAB0038,SMFPO-017138,2016-11-04,12.0,12,True,0.0,3518,False
LAB0038,SMFPO-019050,2017-11-24,24.0,24,True,0.0,3133,False
LAB0038,SMFPO-024072,2022-07-12,12.0,12,True,0.0,1442,False
LAB0038,SMFPO-025905,2025-01-23,6.0,6,True,0.0,516,False
LAB0038,SMPO-026013,2009-12-21,4.0,4,True,0.0,6028,False
LAB0038,SMFPO-011866,2013-02-27,4.0,4,True,0.0,4864,False
LAB0038,SMFPO-025254,2024-04-05,12.0,12,True,0.0,809,False
LAB0012,KPO-000090,2017-09-18,143.0,143,True,0.0,3200,False
LAB0012,KPO-000166,2017-11-22,57.0,57,True,0.0,3135,False
LAB0012,KPO-000316,2018-02-21,138.0,138,True,0.0,3044,False
LAB0012,KPO-000603,2018-07-07,120.0,120,True,0.0,2908,False
LAB0012,KPO-000721,2018-09-25,338.0,338,True,0.0,2828,False
LAB0012,KPO-000818,2018-10-31,300.0,300,True,0.0,2792,False
LAB0012,KPO-001170,2019-04-30,338.0,338,True,0.0,2611,False
LAB0012,KPO-001244,2019-06-03,120.0,120,True,0.0,2577,False
LAB0012,KPO-001680,2022-01-19,42.0,42,True,0.0,1616,False
LAB0012,KPO-002166,2023-04-18,482.0,482,True,0.0,1162,False
LAB0012,KPO-002229,2023-06-14,126.0,126,True,0.0,1105,False
LAB0012,KPO-002232,2023-06-15,108.0,108,True,0.0,1104,False
LAB0012,KPO-002316,2023-10-16,604.0,604,True,0.0,981,False
LAB0012,KPO-002350,2023-11-21,410.0,410,True,0.0,945,False
LAB0012,SMFPO-020311,2018-07-04,40.0,40,True,0.0,2911,False
LAB0012,SMPO-092895,2021-01-12,240.0,240,True,0.0,1988,False
LAB0012,SMPO-094128,2021-05-28,480.0,480,True,0.0,1852,False
LAB0012,KPO-001535,2020-03-12,200.0,200,True,0.0,2294,False
LAB0012,KPO-001596,2021-03-15,1500.0,1500,True,0.0,1926,False
LAB0012,KPO-002696,2025-02-28,324.0,324,True,0.0,480,False
LAB0012,KPO-002817,2025-08-06,394.0,394,True,0.0,321,False
LAB0012,KPO-002883,2025-09-22,570.0,570,True,0.0,274,False
LAB0012,KPO-002931,2025-10-20,82.0,82,True,0.0,246,False
LAB0006,SMFPO-006952,2010-09-13,8.0,8,True,0.0,5762,False
LAB0006,SMFPO-020014,2018-05-22,10.0,10,True,0.0,2954,False
LAB0006,SMFPO-020710,2018-08-31,60.0,60,True,0.0,2853,False
LAB0006,SMPO-039954,2011-09-29,50.0,50,True,0.0,5381,False
LAB0006,SMPO-046295,2012-05-31,25.0,25,True,0.0,5136,False
LAB0006,SMPO-049733,2012-10-16,25.0,25,True,0.0,4998,False
LAB0006,SMPO-057818,2014-01-23,48.0,48,True,0.0,4534,False
LAB0006,SMPO-063145,2015-07-01,24.0,24,True,0.0,4010,False
LAB0006,SMPO-064103,2015-06-19,60.0,60,True,0.0,4022,False
LAB0006,SMPO-066893,2015-12-15,2.0,2,True,0.0,3843,False
LAB0006,SMPO-069645,2016-06-18,36.0,36,True,0.0,3657,False
LAB0006,SMPO-072826,2016-12-22,60.0,60,True,0.0,3470,False
LAB0006,SMPO-073417,2017-02-09,2.0,2,True,0.0,3421,False
LAB0006,SMPO-074136,2017-03-17,40.0,40,True,0.0,3385,False
LAB0006,SMPO-077160,2017-09-08,60.0,60,True,0.0,3210,False
LAB0006,SMPO-077404,2017-09-20,60.0,60,True,0.0,3198,False
LAB0006,SMPO-087700,2019-06-10,50.0,50,True,0.0,2570,False
LAB0006,SMPO-089003,2019-10-05,30.0,30,True,0.0,2453,False
LAB0006,SMPO-090138,2020-02-04,100.0,100,True,0.0,2331,False
LAB0006,SMPO-091516,2020-07-27,100.0,100,True,0.0,2157,False
LAB0006,SMPO-093217,2021-02-11,50.0,50,True,0.0,1958,False
LAB0006,SMPO-094335,2021-06-17,200.0,200,True,0.0,1832,False
LAB0006,SMPO-098852,2023-01-11,200.0,200,True,0.0,1259,False
LAB0006,SMPO-103267,2024-07-16,150.0,150,True,0.0,707,False
LAB0006,SMPO-105914,2025-05-16,150.0,150,True,0.0,403,False
LAB0006,SMFPO-007640,2011-01-22,8.0,0,True,8.0,5631,True
LAB0006,SMFPO-010337,2012-04-30,5.0,5,True,0.0,5167,False
LAB0023,SMFPO-007520,2011-01-05,10.0,10,True,0.0,5648,False
LAB0023,SMFPO-010229,2012-04-11,5.0,5,True,0.0,5186,False
LAB0023,SMFPO-010790,2012-07-23,15.0,15,True,0.0,5083,False
LAB0023,SMFPO-011177,2012-10-12,15.0,15,True,0.0,5002,False
LAB0023,SMFPO-012147,2013-05-08,30.0,30,True,0.0,4794,False
LAB0023,SMFPO-013799,2014-06-26,30.0,30,True,0.0,4380,False
LAB0023,SMFPO-014749,2015-03-03,30.0,30,True,0.0,4130,False
LAB0023,SMFPO-018913,2017-11-03,220.0,220,True,0.0,3154,False
LAB0023,SMFPO-020929,2018-10-01,100.0,100,True,0.0,2822,False
LAB0023,SMFPO-021038,2018-10-18,20.0,20,True,0.0,2805,False
LAB0023,SMFPO-021087,2018-10-25,100.0,100,True,0.0,2798,False
LAB0023,SMFPO-021143,2018-11-08,100.0,100,True,0.0,2784,False
LAB0023,SMFPO-021907,2019-06-24,50.0,50,True,0.0,2556,False
LAB0023,SMFPO-022031,2019-07-25,20.0,20,True,0.0,2525,False
LAB0023,SMFPO-022295,2019-10-03,10.0,10,True,0.0,2455,False
LAB0023,SMFPO-022424,2019-11-28,10.0,10,True,0.0,2399,False
LAB0023,SMFPO-022451,2019-12-16,40.0,40,True,0.0,2381,False
LAB0023,SMPO-034814,2011-03-28,6.0,6,True,0.0,5566,False
LAB0023,SMFPO-022647,2020-03-19,600.0,600,True,0.0,2287,False
LAB0023,SMFPO-023072,2020-11-09,200.0,200,True,0.0,2052,False
LAB0023,SMFPO-023474,2021-06-24,200.0,200,True,0.0,1825,False
LAB0045,SMFPO-009511,2011-12-08,4.0,4,True,0.0,5311,False
LAB0045,SMFPO-010894,2012-08-14,8.0,8,True,0.0,5061,False
LAB0045,SMFPO-024420,2023-02-06,6.0,6,True,0.0,1233,False
LAB0045,SMFPO-025607,2024-09-10,10.0,10,True,0.0,651,False
LAB0045,SMFPO-026364,2025-08-04,6.0,6,True,0.0,323,False
LAB0045,SMPO-037090,2011-06-23,4.0,4,True,0.0,5479,False
LAB0045,SMPO-077669,2017-10-04,8.0,8,True,0.0,3184,False
LAB0045,SMPO-077812,2017-10-10,4.0,4,True,0.0,3178,False
LAB0045,SMPO-086954,2019-04-02,6.0,6,True,0.0,2639,False
LAB0045,SMPO-090086,2020-01-30,6.0,6,True,0.0,2336,False
LAB0045,SMPO-094184,2021-06-03,3.0,3,True,0.0,1846,False
LAB0045,SMPO-096060,2022-01-06,4.0,4,True,0.0,1629,False
LAB0045,SMPO-098234,2022-10-07,4.0,4,True,0.0,1355,False
LAB0045,SMPO-100969,2023-10-05,8.0,8,True,0.0,992,False
LAB0045,SMPO-105194,2025-02-28,6.0,6,True,0.0,480,False
LAB0045,SMPO-106496,2025-07-30,6.0,6,True,0.0,328,False
LAB0027,SMFPO-018729,2017-09-29,4.0,4,True,0.0,3189,False
LAB0027,SMFPO-023506,2021-07-06,10.0,10,True,0.0,1813,False
LAB0027,SMFPO-024889,2023-09-14,30.0,30,True,0.0,1013,False
LAB0027,SMPO-039518,2011-09-12,10.0,10,True,0.0,5398,False
LAB0027,SMPO-097835,2022-08-16,20.0,20,True,0.0,1407,False
LAB0027,SMFPO-023185,2021-02-01,20.0,20,True,0.0,1968,False
LAB0027,SMFPO-023220,2021-02-16,10.0,0,True,10.0,1953,True
LAB0042,SMFPO-009175,2011-10-10,24.0,24,True,0.0,5370,False
LAB0042,SMFPO-012780,2013-10-21,35.0,35,True,0.0,4628,False
LAB0042,SMFPO-013864,2014-07-14,66.0,66,True,0.0,4362,False
LAB0042,SMFPO-015584,2015-09-14,100.0,100,True,0.0,3935,False
LAB0042,SMFPO-018453,2017-08-07,50.0,50,True,0.0,3242,False
LAB0042,SMFPO-024695,2023-05-30,50.0,50,True,0.0,1120,False
LAB0042,SMPO-090999,2020-06-09,50.0,50,True,0.0,2205,False
LAB0042,SMPO-096292,2022-02-03,50.0,50,True,0.0,1601,False
LAB0042,SMFPO-026481,2025-10-16,50.0,0,True,50.0,250,False
LAB0022,SMFPO-011857,2013-02-26,4.0,4,True,0.0,4865,False
LAB0022,SMFPO-011878,2013-03-02,6.0,6,True,0.0,4861,False
LAB0022,SMFPO-013426,2014-03-12,6.0,6,True,0.0,4486,False
LAB0022,SMFPO-015921,2016-01-07,6.0,6,True,0.0,3820,False
LAB0022,SMFPO-017112,2016-10-28,4.0,4,True,0.0,3525,False
LAB0022,SMFPO-017898,2017-04-28,20.0,20,True,0.0,3343,False
LAB0022,SMFPO-022445,2019-12-12,10.0,10,True,0.0,2385,False
LAB0022,SMFPO-023356,2021-04-28,10.0,10,True,0.0,1882,False
LAB0022,SMFPO-023904,2022-04-11,10.0,10,True,0.0,1534,False
LAB0022,SMFPO-024694,2023-05-30,20.0,20,True,0.0,1120,False
LAB0022,SMFPO-026297,2025-06-26,20.0,20,True,0.0,362,False
LAB0002,SMFPO-018347,2017-07-15,300.0,300,True,0.0,3265,False
LAB0002,SMFPO-019308,2018-01-29,444.0,444,True,0.0,3067,False
LAB0002,SMFPO-020019,2018-05-23,168.0,168,True,0.0,2953,False
LAB0002,SMFPO-020626,2018-08-18,48.0,48,True,0.0,2866,False
LAB0002,SMFPO-020985,2018-10-12,864.0,864,True,0.0,2811,False
LAB0002,SMFPO-022446,2019-12-12,510.0,510,True,0.0,2385,False
LAB0002,SMFPO-022577,2020-02-26,510.0,510,True,0.0,2309,False
LAB0002,SMFPO-024986,2023-11-10,172.0,172,True,0.0,956,False
LAB0002,SMFPO-024987,2023-11-10,172.0,172,True,0.0,956,False
LAB0002,SMFPO-025183,2024-02-16,242.0,242,True,0.0,858,False
LAB0002,SMFPO-025247,2024-03-27,240.0,240,True,0.0,818,False
LAB0002,SMFPO-025248,2024-03-27,192.0,192,True,0.0,818,False
LAB0002,SMFPO-025249,2024-03-27,168.0,168,True,0.0,818,False
LAB0002,SMFPO-025299,2024-05-02,96.0,96,True,0.0,782,False
LAB0002,SMFPO-025301,2024-05-02,142.0,142,True,0.0,782,False
LAB0002,SMFPO-025859,2024-12-18,786.0,786,True,0.0,552,False
LAB0002,SMFPO-026133,2025-04-14,608.0,608,True,0.0,435,False
LAB0002,SMFPO-026134,2025-04-14,20.0,20,True,0.0,435,False
LAB0002,SMFPO-026159,2025-04-25,28.0,28,True,0.0,424,False
LAB0002,SMFPO-026369,2025-08-07,336.0,336,True,0.0,320,False
LAB0002,SMFPO-026370,2025-08-07,72.0,72,True,0.0,320,False
LAB0002,SMFPO-026371,2025-08-07,192.0,192,True,0.0,320,False
LAB0002,SMPO-068140,2016-03-11,34.0,34,True,0.0,3756,False
LAB0002,SMFPO-017370,2017-01-13,720.0,222,True,498.0,3448,True
LAB0002,SMFPO-025298,2024-05-02,120.0,69,True,51.0,782,True
LAB0002,SMFPO-026135,2025-04-14,158.0,156,True,2.0,435,True
LAB0002,SMFPO-026625,2026-02-03,144.0,0,True,144.0,140,False
LAB0009,KPO-000168,2017-11-22,2.0,2,True,0.0,3135,False
LAB0009,KPO-000189,2017-12-09,1.0,1,True,0.0,3118,False
LAB0009,KPO-000224,2018-01-16,1.0,1,True,0.0,3080,False
LAB0009,KPO-000676,2018-09-04,3.0,3,True,0.0,2849,False
LAB0009,KPO-000812,2018-10-26,3.0,3,True,0.0,2797,False
LAB0009,KPO-001225,2019-05-16,3.0,3,True,0.0,2595,False
LAB0009,KPO-001278,2019-06-14,3.0,3,True,0.0,2566,False
LAB0009,KPO-001415,2019-09-13,2.0,2,True,0.0,2475,False
LAB0009,KPO-001502,2020-01-21,2.0,2,True,0.0,2345,False
LAB0009,KPO-001853,2022-07-25,7.0,7,True,0.0,1429,False
LAB0009,KPO-002010,2022-12-15,2.0,2,True,0.0,1286,False
LAB0009,KPO-002094,2023-02-23,2.0,2,True,0.0,1216,False
LAB0009,KPO-002118,2023-02-25,5.0,5,True,0.0,1214,False
LAB0009,KPO-002195,2023-05-05,7.0,7,True,0.0,1145,False
LAB0009,KPO-002237,2023-06-27,2.0,2,True,0.0,1092,False
LAB0009,KPO-002293,2023-09-14,3.0,3,True,0.0,1013,False
LAB0009,KPO-002330,2023-10-25,4.0,4,True,0.0,972,False
LAB0009,KPO-002365,2023-12-07,5.0,5,True,0.0,929,False
LAB0009,KPO-002379,2024-02-07,6.0,6,True,0.0,867,False
LAB0009,KPO-002504,2024-07-17,6.0,6,True,0.0,706,False
LAB0009,KPO-002523,2024-08-15,8.0,8,True,0.0,677,False
LAB0009,KPO-002593,2024-10-23,5.0,5,True,0.0,608,False
LAB0009,KPO-001528,2020-03-07,8.0,8,True,0.0,2299,False
LAB0009,KPO-001615,2021-03-24,16.0,16,True,0.0,1917,False
LAB0009,KPO-002637,2024-12-18,3.0,3,True,0.0,552,False
LAB0009,KPO-002699,2025-03-05,8.0,8,True,0.0,475,False
LAB0009,KPO-002709,2025-03-14,5.0,5,True,0.0,466,False
LAB0009,KPO-002773,2025-06-05,5.0,5,True,0.0,383,False
LAB0009,KPO-002880,2025-09-22,4.0,4,True,0.0,274,False
LAB0009,KPO-002980,2025-12-13,2.0,2,True,0.0,192,False
LAB0044,SMFPO-017398,2017-01-18,6.0,6,True,0.0,3443,False
LAB0044,SMFPO-022842,2020-07-20,12.0,12,True,0.0,2164,False
LAB0044,SMFPO-023901,2022-04-05,12.0,12,True,0.0,1540,False
LAB0044,SMFPO-025365,2024-05-31,10.0,10,True,0.0,753,False
LAB0044,SMFPO-026620,2026-01-29,10.0,0,True,10.0,145,False
LAB0035,KPO-000151,2017-11-18,2.0,2,True,0.0,3139,False
LAB0035,KPO-000571,2018-06-25,1.0,1,True,0.0,2920,False
LAB0035,KPO-000632,2018-07-30,2.0,2,True,0.0,2885,False
LAB0035,KPO-000870,2018-11-24,2.0,2,True,0.0,2768,False
LAB0035,KPO-001134,2019-04-13,1.0,1,True,0.0,2628,False
LAB0035,KPO-002462,2024-05-30,2.0,2,True,0.0,754,False
LAB0035,KPO-002578,2024-10-04,3.0,3,True,0.0,627,False
LAB0035,KPO-002579,2024-10-04,2.0,2,True,0.0,627,False
LAB0035,KPO-001533,2020-03-12,5.0,4,True,1.0,2294,True
LAB0035,KPO-001613,2021-03-23,7.0,0,True,7.0,1918,True
LAB0035,KPO-001710,2022-03-30,2.0,0,True,2.0,1546,True
LAB0035,KPO-002636,2024-12-18,2.0,2,True,0.0,552,False
LAB0035,KPO-002809,2025-07-11,1.0,1,True,0.0,347,False
LAB0035,KPO-002953,2025-11-03,1.0,0,True,1.0,232,False
LAB0035,KPO-002966,2025-12-12,1.0,0,True,1.0,193,False
LAB0020,SMFPO-018668,2017-09-16,2.0,2,True,0.0,3202,False
LAB0020,SMFPO-021580,2019-03-09,1.0,1,True,0.0,2663,False
LAB0020,SMFPO-021915,2019-06-27,2.0,2,True,0.0,2553,False
LAB0020,SMFPO-021971,2019-07-04,1.0,1,True,0.0,2546,False
LAB0020,SMFPO-021974,2019-07-04,1.0,1,True,0.0,2546,False
LAB0020,SMFPO-021981,2019-07-09,1.0,1,True,0.0,2541,False
LAB0020,SMFPO-022190,2019-08-29,1.0,1,True,0.0,2490,False
LAB0020,SMFPO-022191,2019-08-29,1.0,1,True,0.0,2490,False
LAB0020,SMFPO-022353,2019-10-26,1.0,1,True,0.0,2432,False
LAB0020,SMFPO-022357,2019-10-26,1.0,1,True,0.0,2432,False
LAB0020,SMFPO-022388,2019-11-16,1.0,1,True,0.0,2411,False
LAB0020,SMFPO-022426,2019-11-29,4.0,4,True,0.0,2398,False
LAB0020,SMFPO-022465,2019-12-18,1.0,1,True,0.0,2379,False
LAB0020,SMFPO-022538,2020-02-03,1.0,1,True,0.0,2332,False
LAB0020,SMFPO-022628,2020-03-11,2.0,2,True,0.0,2295,False
LAB0020,SMFPO-022730,2020-05-22,8.0,8,True,0.0,2223,False
LAB0020,SMFPO-022741,2020-05-24,1.0,1,True,0.0,2221,False
LAB0020,SMFPO-022747,2020-05-26,1.0,1,True,0.0,2219,False
LAB0020,SMFPO-022753,2020-05-27,1.0,1,True,0.0,2218,False
LAB0020,SMFPO-022766,2020-06-01,2.0,2,True,0.0,2213,False
LAB0020,SMFPO-023849,2022-02-22,12.0,12,True,0.0,1582,False
LAB0020,SMPO-084657,2018-10-15,1.0,1,True,0.0,2808,False
LAB0020,SMPO-086836,2019-03-22,1.0,1,True,0.0,2650,False
LAB0020,SMPO-086845,2019-03-22,1.0,1,True,0.0,2650,False
LAB0020,SMPO-086846,2019-03-22,1.0,1,True,0.0,2650,False
LAB0020,SMPO-087174,2019-04-23,1.0,1,True,0.0,2618,False
LAB0020,SMPO-088184,2019-07-20,1.0,1,True,0.0,2530,False
LAB0020,SMPO-088193,2019-07-20,2.0,2,True,0.0,2530,False
LAB0020,SMFPO-022680,2020-05-02,24.0,24,True,0.0,2243,False
LAB0020,SMFPO-022704,2020-05-15,40.0,40,True,0.0,2230,False
LAB0020,SMFPO-023308,2021-03-27,60.0,36,True,24.0,1914,True
LAB0029,KPO-000730,2018-09-29,3.0,3,True,0.0,2824,False
LAB0029,KPO-001262,2019-06-13,3.0,3,True,0.0,2567,False
LAB0029,KPO-001430,2019-09-30,3.0,3,True,0.0,2458,False
LAB0029,KPO-002482,2024-06-22,11.0,11,True,0.0,731,False
LAB0029,KPO-002523,2024-08-15,9.0,9,True,0.0,677,False
LAB0029,KPO-001527,2020-03-07,50.0,50,True,0.0,2299,False
LAB0029,KPO-001528,2020-03-07,3.0,3,True,0.0,2299,False
LAB0029,KPO-001556,2020-07-22,50.0,20,True,30.0,2162,True
LAB0043,KPO-001109,2019-04-06,5.0,5,True,0.0,2635,False
LAB0043,KPO-001270,2019-06-13,10.0,10,True,0.0,2567,False
LAB0043,KPO-001523,2020-03-05,26.0,26,True,0.0,2301,False
LAB0043,KPO-001569,2020-10-08,26.0,26,True,0.0,2084,False
LAB0043,KPO-001587,2021-02-24,20.0,20,True,0.0,1945,False
LAB0030,KPO-000697,2018-09-13,4.0,4,True,0.0,2840,False
LAB0030,KPO-001037,2019-02-18,4.0,4,True,0.0,2682,False
LAB0030,KPO-001243,2019-05-25,2.0,2,True,0.0,2586,False
LAB0030,KPO-001336,2019-07-16,6.0,6,True,0.0,2534,False
LAB0030,KPO-001385,2019-08-20,6.0,6,True,0.0,2499,False
LAB0030,KPO-001481,2019-11-18,3.0,3,True,0.0,2409,False
LAB0030,KPO-001634,2021-06-19,18.0,18,True,0.0,1830,False
LAB0030,KPO-001695,2022-03-01,20.0,20,True,0.0,1575,False
LAB0030,KPO-001796,2022-06-14,30.0,30,True,0.0,1470,False
LAB0030,KPO-002070,2023-02-09,12.0,12,True,0.0,1230,False
LAB0030,KPO-002085,2023-02-14,10.0,10,True,0.0,1225,False
LAB0030,KPO-002150,2023-04-17,10.0,10,True,0.0,1163,False
LAB0030,KPO-002195,2023-05-05,18.0,18,True,0.0,1145,False
LAB0030,KPO-002518,2024-08-13,12.0,12,True,0.0,679,False
LAB0030,KPO-001529,2020-03-10,12.0,12,True,0.0,2296,False
LAB0030,KPO-001614,2021-03-23,10.0,10,True,0.0,1918,False
LAB0030,KPO-002903,2025-10-07,12.0,12,True,0.0,259,False
LAB0030,KPO-002973,2025-12-13,1.0,1,True,0.0,192,False
LAB0024,KPO-000145,2017-11-09,1.0,1,True,0.0,3148,False
LAB0024,KPO-000364,2018-03-10,1.0,1,True,0.0,3027,False
LAB0024,KPO-000596,2018-07-07,2.0,2,True,0.0,2908,False
LAB0024,KPO-000681,2018-09-04,1.0,1,True,0.0,2849,False
LAB0024,KPO-000871,2018-11-24,2.0,2,True,0.0,2768,False
LAB0024,KPO-001137,2019-04-15,1.0,1,True,0.0,2626,False
LAB0024,KPO-001138,2019-04-15,1.0,1,True,0.0,2626,False
LAB0024,KPO-001575,2020-10-22,3.0,3,True,0.0,2070,False
LAB0024,KPO-002336,2023-10-26,3.0,3,True,0.0,971,False
LAB0024,KPO-002464,2024-05-31,3.0,3,True,0.0,753,False
LAB0024,KPO-001503,2020-01-21,2.0,2,True,0.0,2345,False
LAB0024,KPO-001533,2020-03-12,5.0,5,True,0.0,2294,False
LAB0024,KPO-001613,2021-03-23,7.0,5,True,2.0,1918,True
LAB0024,KPO-002603,2024-10-30,2.0,2,True,0.0,601,False
LAB0024,KPO-002682,2025-02-08,8.0,8,True,0.0,500,False
LAB0024,KPO-002762,2025-05-29,2.0,2,True,0.0,390,False
LAB0040,KPO-000299,2018-02-13,1.0,1,True,0.0,3052,False
LAB0040,KPO-000364,2018-03-10,1.0,1,True,0.0,3027,False
LAB0040,KPO-000596,2018-07-07,1.0,1,True,0.0,2908,False
LAB0040,KPO-000681,2018-09-04,2.0,2,True,0.0,2849,False
LAB0040,KPO-000871,2018-11-24,2.0,2,True,0.0,2768,False
LAB0040,KPO-001137,2019-04-15,1.0,1,True,0.0,2626,False
LAB0040,KPO-001138,2019-04-15,1.0,1,True,0.0,2626,False
LAB0040,KPO-001503,2020-01-21,1.0,1,True,0.0,2345,False
LAB0040,KPO-001533,2020-03-12,5.0,5,True,0.0,2294,False
LAB0040,KPO-001613,2021-03-23,8.0,3,True,5.0,1918,True
LAB0040,KPO-002682,2025-02-08,7.0,7,True,0.0,500,False
LAB0040,KPO-002777,2025-06-13,1.0,1,True,0.0,375,False
LAB0036,KPO-000525,2018-06-04,1.0,1,True,0.0,2941,False
LAB0036,KPO-000531,2018-06-04,2.0,2,True,0.0,2941,False
LAB0036,KPO-001089,2019-03-21,3.0,3,True,0.0,2651,False
LAB0036,KPO-001418,2019-09-13,1.0,1,True,0.0,2475,False
LAB0036,KPO-001452,2019-10-19,1.0,1,True,0.0,2439,False
LAB0036,KPO-001477,2019-11-18,2.0,2,True,0.0,2409,False
LAB0036,KPO-001727,2022-05-17,2.0,2,True,0.0,1498,False
LAB0036,KPO-001734,2022-05-17,1.0,1,True,0.0,1498,False
LAB0036,KPO-001872,2022-08-23,3.0,3,True,0.0,1400,False
LAB0036,KPO-001916,2022-10-10,2.0,2,True,0.0,1352,False
LAB0036,KPO-002388,2024-02-27,1.0,1,True,0.0,847,False
LAB0036,KPO-002417,2024-04-25,4.0,4,True,0.0,789,False
LAB0036,KPO-002447,2024-05-18,1.0,1,True,0.0,766,False
LAB0036,KPO-001514,2020-03-03,9.0,9,True,0.0,2303,False
LAB0036,KPO-002581,2024-10-07,5.0,5,True,0.0,624,False
LAB0036,KPO-002623,2024-11-28,1.0,1,True,0.0,572,False
LAB0036,KPO-002708,2025-03-14,3.0,3,True,0.0,466,False
LAB0036,KPO-002973,2025-12-13,2.0,2,True,0.0,192,False
LAB0036,KPO-002992,2025-12-15,4.0,0,True,4.0,190,False
LAB0026,KPO-000491,2018-05-23,2.0,2,True,0.0,2953,False
LAB0026,KPO-000811,2018-10-26,4.0,4,True,0.0,2797,False
LAB0026,KPO-000927,2018-12-21,4.0,4,True,0.0,2741,False
LAB0026,KPO-001224,2019-05-16,3.0,3,True,0.0,2595,False
LAB0026,KPO-001262,2019-06-13,5.0,5,True,0.0,2567,False
LAB0026,KPO-001378,2019-08-17,3.0,3,True,0.0,2502,False
LAB0026,KPO-001395,2019-08-30,3.0,3,True,0.0,2489,False
LAB0026,KPO-001430,2019-09-30,8.0,8,True,0.0,2458,False
LAB0026,KPO-001690,2022-01-29,6.0,6,True,0.0,1606,False
LAB0026,KPO-001763,2022-05-31,8.0,8,True,0.0,1484,False
LAB0026,KPO-001795,2022-06-14,10.0,10,True,0.0,1470,False
LAB0026,KPO-001890,2022-09-06,8.0,8,True,0.0,1386,False
LAB0026,KPO-002025,2022-12-22,4.0,4,True,0.0,1279,False
LAB0026,KPO-002195,2023-05-05,10.0,10,True,0.0,1145,False
LAB0026,KPO-002219,2023-05-23,4.0,4,True,0.0,1127,False
LAB0026,KPO-002331,2023-10-26,10.0,10,True,0.0,971,False
LAB0026,KPO-002379,2024-02-07,8.0,8,True,0.0,867,False
LAB0026,KPO-002436,2024-05-04,6.0,6,True,0.0,780,False
LAB0026,KPO-002584,2024-10-21,6.0,6,True,0.0,610,False
LAB0026,KPO-001528,2020-03-07,9.0,9,True,0.0,2299,False
LAB0026,KPO-001615,2021-03-24,12.0,12,True,0.0,1917,False
LAB0026,KPO-002638,2024-12-19,7.0,7,True,0.0,551,False
LAB0026,KPO-002735,2025-05-03,4.0,4,True,0.0,416,False
LAB0026,KPO-002839,2025-08-13,6.0,6,True,0.0,314,False
LAB0026,KPO-002880,2025-09-22,3.0,3,True,0.0,274,False
LAB0026,KPO-002930,2025-10-20,6.0,6,True,0.0,246,False
LAB0026,KPO-002980,2025-12-13,5.0,5,True,0.0,192,False
LAB0011,KPO-000442,2018-04-30,39.0,39,True,0.0,2976,False
LAB0011,KPO-000548,2018-06-09,8.0,8,True,0.0,2936,False
LAB0011,KPO-000767,2018-10-13,15.0,15,True,0.0,2810,False
LAB0011,KPO-001104,2019-04-06,25.0,25,True,0.0,2635,False
LAB0011,KPO-001123,2019-04-13,14.0,14,True,0.0,2628,False
LAB0011,KPO-001663,2022-01-13,66.0,66,True,0.0,1622,False
LAB0011,KPO-001696,2022-03-03,8.0,8,True,0.0,1573,False
LAB0011,KPO-001713,2022-04-04,21.0,21,True,0.0,1541,False
LAB0011,KPO-001733,2022-05-17,13.0,13,True,0.0,1498,False
LAB0011,KPO-001769,2022-05-31,24.0,24,True,0.0,1484,False
LAB0011,KPO-001803,2022-06-14,10.0,10,True,0.0,1470,False
LAB0011,KPO-001886,2022-09-06,26.0,26,True,0.0,1386,False
LAB0011,KPO-001890,2022-09-06,34.0,34,True,0.0,1386,False
LAB0011,KPO-002099,2023-02-23,26.0,26,True,0.0,1216,False
LAB0011,KPO-002176,2023-04-18,90.0,90,True,0.0,1162,False
LAB0011,KPO-002222,2023-05-23,12.0,12,True,0.0,1127,False
LAB0011,KPO-002239,2023-06-27,10.0,10,True,0.0,1092,False
LAB0011,KPO-002322,2023-10-17,28.0,28,True,0.0,980,False
LAB0011,KPO-001527,2020-03-07,100.0,91,True,9.0,2299,True
LAB0011,KPO-001556,2020-07-22,40.0,40,True,0.0,2162,False
LAB0011,KPO-001595,2021-03-13,104.0,104,True,0.0,1928,False
LAB0011,KPO-002555,2024-09-19,34.0,34,True,0.0,642,False
LAB0011,KPO-002603,2024-10-30,38.0,38,True,0.0,601,False
LAB0011,KPO-002668,2025-01-29,20.0,20,True,0.0,510,False
LAB0011,KPO-002889,2025-09-23,42.0,42,True,0.0,273,False
LAB0011,KPO-002999,2025-12-15,30.0,0,True,30.0,190,False
LAB0019,KPO-000273,2018-02-03,24.0,24,True,0.0,3062,False
LAB0019,KPO-000515,2018-05-28,16.0,16,True,0.0,2948,False
LAB0019,KPO-000516,2018-05-28,13.0,13,True,0.0,2948,False
LAB0019,KPO-000836,2018-11-10,21.0,21,True,0.0,2782,False
LAB0019,KPO-000837,2018-11-10,32.0,32,True,0.0,2782,False
LAB0019,KPO-001425,2019-09-16,16.0,16,True,0.0,2472,False
LAB0019,KPO-001426,2019-09-16,16.0,16,True,0.0,2472,False
LAB0019,KPO-001607,2021-03-22,48.0,48,True,0.0,1919,False
LAB0019,KPO-001665,2022-01-14,50.0,50,True,0.0,1621,False
LAB0019,KPO-001740,2022-05-17,32.0,32,True,0.0,1498,False
LAB0019,SMFPO-023991,2022-06-02,32.0,32,True,0.0,1482,False
LAB0019,SMFPO-024192,2022-09-16,30.0,30,True,0.0,1376,False
LAB0019,SMFPO-026279,2025-06-17,32.0,32,True,0.0,371,False
LAB0019,KPO-001544,2020-03-24,32.0,32,True,0.0,2282,False
LAB0019,KPO-002744,2025-05-09,24.0,24,True,0.0,410,False
LAB0019,SMFPO-026280,2025-06-17,16.0,16,True,0.0,371,False
LAB0019,KPO-002844,2025-08-27,24.0,24,True,0.0,300,False
LAB0019,KPO-002947,2025-10-27,48.0,48,True,0.0,239,False
LAB0007,SMPO-080758,2018-03-26,15.0,15,True,0.0,3011,False
LAB0007,SMPO-081086,2018-04-13,50.0,50,True,0.0,2993,False
LAB0007,SMPO-082373,2018-06-23,15.0,15,True,0.0,2922,False
LAB0007,SMPO-082561,2018-07-03,25.0,25,True,0.0,2912,False
LAB0007,SMPO-082577,2018-07-03,25.0,25,True,0.0,2912,False
LAB0007,SMPO-083672,2018-08-21,4.0,4,True,0.0,2863,False
LAB0007,SMPO-083871,2018-08-31,33.0,33,True,0.0,2853,False
LAB0007,SMPO-085586,2018-12-11,54.0,54,True,0.0,2751,False
LAB0007,SMPO-086399,2019-02-18,30.0,30,True,0.0,2682,False
LAB0007,SMPO-087640,2019-06-04,50.0,50,True,0.0,2576,False
LAB0007,SMPO-088949,2019-10-01,72.0,72,True,0.0,2457,False
LAB0007,SMPO-090302,2020-02-19,68.0,68,True,0.0,2316,False
LAB0007,SMPO-091595,2020-08-04,56.0,56,True,0.0,2149,False
LAB0007,SMPO-091745,2020-08-25,30.0,30,True,0.0,2128,False
LAB0007,SMPO-092650,2020-12-07,75.0,75,True,0.0,2024,False
LAB0007,SMPO-094175,2021-06-01,70.0,70,True,0.0,1848,False
LAB0007,SMPO-095296,2021-10-11,75.0,75,True,0.0,1716,False
LAB0007,SMPO-096298,2022-02-03,100.0,100,True,0.0,1601,False
LAB0007,SMPO-097518,2022-07-11,111.0,111,True,0.0,1443,False
LAB0007,SMPO-097849,2022-08-18,50.0,50,True,0.0,1405,False
LAB0007,SMPO-099303,2023-03-01,150.0,150,True,0.0,1210,False
LAB0007,SMPO-100506,2023-08-01,100.0,100,True,0.0,1057,False
LAB0007,SMPO-101346,2023-12-05,150.0,150,True,0.0,931,False
LAB0007,SMPO-102808,2024-06-03,100.0,100,True,0.0,750,False
LAB0007,SMPO-104633,2024-12-17,150.0,150,True,0.0,553,False
LAB0007,SMPO-106885,2025-09-17,100.0,100,True,0.0,279,False
LAB0007,SMPO-107844,2026-04-08,200.0,200,True,0.0,76,False
LAB0021,SMFPO-019880,2018-04-25,1.0,1,True,0.0,2981,False
LAB0021,SMFPO-019881,2018-04-25,2.0,2,True,0.0,2981,False
LAB0021,SMFPO-020098,2018-06-01,1.0,1,True,0.0,2944,False
LAB0021,SMFPO-021378,2019-01-15,2.0,2,True,0.0,2716,False
LAB0021,SMFPO-021652,2019-03-21,1.0,1,True,0.0,2651,False
LAB0021,SMFPO-021730,2019-04-23,2.0,2,True,0.0,2618,False
LAB0021,SMFPO-021902,2019-06-21,1.0,1,True,0.0,2559,False
LAB0021,SMFPO-021905,2019-06-21,2.0,2,True,0.0,2559,False
LAB0021,SMFPO-021980,2019-07-08,2.0,2,True,0.0,2542,False
LAB0021,SMFPO-021982,2019-07-09,1.0,1,True,0.0,2541,False
LAB0021,SMFPO-022180,2019-08-29,2.0,2,True,0.0,2490,False
LAB0021,SMFPO-022466,2019-12-18,2.0,2,True,0.0,2379,False
LAB0021,SMFPO-022500,2020-01-17,1.0,1,True,0.0,2349,False
LAB0021,SMFPO-022601,2020-03-05,2.0,2,True,0.0,2301,False
LAB0021,SMFPO-023086,2020-11-20,2.0,2,True,0.0,2041,False
LAB0021,SMFPO-024656,2023-05-02,8.0,8,True,0.0,1148,False
LAB0021,SMFPO-025138,2024-01-26,8.0,8,True,0.0,879,False
LAB0021,SMFPO-025758,2024-11-15,4.0,4,True,0.0,585,False
LAB0021,SMFPO-025917,2025-01-27,6.0,6,True,0.0,512,False
LAB0021,SMFPO-026622,2026-02-02,4.0,4,True,0.0,141,False
LAB0021,SMPO-086339,2019-02-14,2.0,2,True,0.0,2686,False
LAB0021,SMFPO-022677,2020-04-28,4.0,4,True,0.0,2247,False
LAB0021,SMFPO-023048,2020-10-21,10.0,10,True,0.0,2071,False
LAB0021,SMFPO-023322,2021-04-07,20.0,8,True,12.0,1903,True
LAB0021,SMFPO-024015,2022-06-14,8.0,8,True,0.0,1470,False
LAB0021,SMFPO-026639,2026-02-13,4.0,4,True,0.0,130,False
LAB0034,KPO-001305,2019-06-29,4.0,4,True,0.0,2551,False
LAB0034,KPO-001848,2022-07-25,9.0,9,True,0.0,1429,False
LAB0034,KPO-001851,2022-07-25,2.0,2,True,0.0,1429,False
LAB0034,KPO-001863,2022-08-01,3.0,3,True,0.0,1422,False
LAB0034,KPO-001869,2022-08-23,10.0,10,True,0.0,1400,False
LAB0034,KPO-002024,2022-12-22,8.0,8,True,0.0,1279,False
LAB0034,KPO-002240,2023-06-27,9.0,9,True,0.0,1092,False
LAB0034,KPO-001527,2020-03-07,2.0,2,True,0.0,2299,False
LAB0034,KPO-001528,2020-03-07,4.0,4,True,0.0,2299,False
LAB0034,KPO-001615,2021-03-24,6.0,4,True,2.0,1917,True
LAB0018,SMFPO-021982,2019-07-09,1.0,1,True,0.0,2541,False
LAB0018,SMFPO-022018,2019-07-20,4.0,4,True,0.0,2530,False
LAB0018,SMFPO-022180,2019-08-29,2.0,2,True,0.0,2490,False
LAB0018,SMFPO-022402,2019-11-19,4.0,4,True,0.0,2408,False
LAB0018,SMFPO-022461,2019-12-18,2.0,2,True,0.0,2379,False
LAB0018,SMFPO-023826,2022-02-08,4.0,4,True,0.0,1596,False
LAB0018,SMFPO-024683,2023-05-22,4.0,4,True,0.0,1128,False
LAB0018,SMFPO-025127,2024-01-24,2.0,2,True,0.0,881,False
LAB0018,SMFPO-025837,2024-12-09,2.0,2,True,0.0,561,False
LAB0018,SMFPO-026180,2025-05-06,1.0,1,True,0.0,413,False
LAB0018,SMFPO-022687,2020-05-07,14.0,13,True,1.0,2238,True
LAB0018,SMFPO-023308,2021-03-27,22.0,0,True,22.0,1914,True
LAB0018,SMFPO-023997,2022-06-06,4.0,4,True,0.0,1478,False
LAB0018,SMFPO-024013,2022-06-14,8.0,8,True,0.0,1470,False
LAB0018,SMFPO-024662,2023-05-04,4.0,4,True,0.0,1146,False
LAB0017,KPO-002015,2022-12-15,7.0,7,True,0.0,1286,False
LAB0017,KPO-002192,2023-05-04,10.0,10,True,0.0,1146,False
LAB0017,KPO-002197,2023-05-05,12.0,12,True,0.0,1145,False
LAB0017,SMFPO-025679,2024-10-18,38.0,38,True,0.0,613,False
LAB0017,SMFPO-025894,2025-01-17,42.0,42,True,0.0,522,False
LAB0017,KPO-001501,2020-01-21,7.0,0,True,7.0,2345,True
LAB0017,KPO-001686,2022-01-25,7.0,7,True,0.0,1610,False
LAB0017,KPO-002860,2025-09-18,56.0,49,True,7.0,278,False
LAB0017,SMFPO-026552,2025-12-11,28.0,0,True,28.0,194,False
LAB0017,KPO-002961,2025-12-12,28.0,0,True,28.0,193,False
LAB0031,SMFPO-023835,2022-02-10,16.0,16,True,0.0,1594,False
LAB0031,SMFPO-023870,2022-03-15,16.0,16,True,0.0,1561,False
LAB0031,SMFPO-024575,2023-03-22,32.0,32,True,0.0,1189,False
LAB0031,SMFPO-025371,2024-06-01,16.0,16,True,0.0,752,False
LAB0031,SMFPO-025556,2024-08-15,16.0,16,True,0.0,677,False
LAB0031,SMFPO-025866,2024-12-19,32.0,32,True,0.0,551,False
LAB0031,SMFPO-022669,2020-04-21,14.0,14,True,0.0,2254,False
LAB0031,SMFPO-023309,2021-03-27,16.0,16,True,0.0,1914,False
LAB0031,SMFPO-024053,2022-07-04,32.0,32,True,0.0,1450,False
LAB0031,SMFPO-024318,2022-12-01,32.0,32,True,0.0,1300,False
LAB0033,SMFPO-024656,2023-05-02,4.0,4,True,0.0,1148,False
LAB0033,SMFPO-025127,2024-01-24,4.0,4,True,0.0,881,False
LAB0033,SMFPO-026260,2025-06-05,4.0,4,True,0.0,383,False
LAB0033,SMFPO-026261,2025-06-05,2.0,2,True,0.0,383,False
LAB0033,SMFPO-023308,2021-03-27,22.0,12,True,10.0,1914,True
LAB0033,SMFPO-024159,2022-08-26,5.0,5,True,0.0,1397,False
LAB0033,SMFPO-025916,2025-01-27,4.0,4,True,0.0,512,False
LAB0041,SMPO-098500,2022-11-10,10.0,10,True,0.0,1321,False
LAB0041,SMPO-098879,2023-01-12,60.0,60,True,0.0,1258,False
LAB0014,KPO-002182,2023-04-28,20.0,20,True,0.0,1152,False
LAB0014,KPO-002331,2023-10-26,200.0,200,True,0.0,971,False
LAB0014,KPO-002510,2024-08-08,115.0,115,True,0.0,684,False
LAB0014,KPO-002582,2024-10-07,55.0,55,True,0.0,624,False
LAB0014,KPO-002659,2025-01-24,20.0,20,True,0.0,515,False
LAB0014,KPO-002672,2025-02-06,18.0,18,True,0.0,502,False
LAB0014,KPO-002700,2025-03-05,57.0,57,True,0.0,475,False
LAB0014,KPO-002767,2025-05-30,60.0,60,True,0.0,389,False
LAB0014,KPO-002943,2025-10-21,16.0,16,True,0.0,245,False
LAB0014,KPO-003035,2026-03-07,45.0,0,True,45.0,108,False
